==19581== NVPROF is profiling process 19581, command: python3 -m sockeye.train --source /home/armageddonknight/Workspace/EcoRNN/EcoNMT/benchmarks/sockeye/workspace/data/iwslt15-vi_en/train-preproc.en --target /home/armageddonknight/Workspace/EcoRNN/EcoNMT/benchmarks/sockeye/workspace/data/iwslt15-vi_en/train
==19581== Profiling application: python3 -m sockeye.train --source /home/armageddonknight/Workspace/EcoRNN/EcoNMT/benchmarks/sockeye/workspace/data/iwslt15-vi_en/train-preproc.en --target /home/armageddonknight/Workspace/EcoRNN/EcoNMT/benchmarks/sockeye/workspace/data/iwslt15-vi_en/train
==19581== Profiling result:
==19581== Metric result:
"Device","Kernel","Invocations","Metric Name","Metric Description","Min","Max","Avg"
"TITAN Xp (0)","sgemm_32x32x32_TN_vec",28,"dram_read_transactions","Device Memory Read Transactions",8800,54150,36791
"TITAN Xp (0)","sgemm_32x32x32_TN_vec",28,"dram_write_transactions","Device Memory Write Transactions",1551,26606,23860
"TITAN Xp (0)","maxwell_sgemm_128x64_nn",1,"dram_read_transactions","Device Memory Read Transactions",264004,264004,264004
"TITAN Xp (0)","maxwell_sgemm_128x64_nn",1,"dram_write_transactions","Device Memory Write Transactions",90186,90186,90186
"TITAN Xp (0)","sgemm_128x128x8_TN_vec",108,"dram_read_transactions","Device Memory Read Transactions",19152,340646,185169
"TITAN Xp (0)","sgemm_128x128x8_TN_vec",108,"dram_write_transactions","Device Memory Write Transactions",90251,249738,134027
"TITAN Xp (0)","void mxnet::op::broadcast::reduce_kernel<mshadow::red::sum, int=4, float, mxnet::op::mshadow_op::identity, int=2>(int, int, bool, float const *, mxnet::op::broadcast::reduce_kernel<mshadow::red::sum, int=4, float, mxnet::op::mshadow_op::identity, int=2>*, mshadow::Shape<int=4>, mshadow::Shape, mshadow::Shape, mshadow::Shape, int, bool)",20,"dram_read_transactions","Device Memory Read Transactions",116045,120422,117470
"TITAN Xp (0)","void mxnet::op::broadcast::reduce_kernel<mshadow::red::sum, int=4, float, mxnet::op::mshadow_op::identity, int=2>(int, int, bool, float const *, mxnet::op::broadcast::reduce_kernel<mshadow::red::sum, int=4, float, mxnet::op::mshadow_op::identity, int=2>*, mshadow::Shape<int=4>, mshadow::Shape, mshadow::Shape, mshadow::Shape, int, bool)",20,"dram_write_transactions","Device Memory Write Transactions",129825,133423,131995
"TITAN Xp (0)","void mshadow::cuda::MapPlanKernel<mshadow::sv::saveto, int=8, mshadow::expr::Plan<mshadow::Tensor<mshadow::gpu, int=3, float>, float>, mshadow::expr::Plan<mshadow::expr::SliceExp<mshadow::Tensor<mshadow::gpu, int=3, float>, mshadow::gpu, float, int=3, int=2>, float>>(mshadow::gpu, unsigned int, mshadow::Shape<int=2>, int=3)",533,"dram_read_transactions","Device Memory Read Transactions",0,57798,2591
"TITAN Xp (0)","void mshadow::cuda::MapPlanKernel<mshadow::sv::saveto, int=8, mshadow::expr::Plan<mshadow::Tensor<mshadow::gpu, int=3, float>, float>, mshadow::expr::Plan<mshadow::expr::SliceExp<mshadow::Tensor<mshadow::gpu, int=3, float>, mshadow::gpu, float, int=3, int=2>, float>>(mshadow::gpu, unsigned int, mshadow::Shape<int=2>, int=3)",533,"dram_write_transactions","Device Memory Write Transactions",0,53369,2823
"TITAN Xp (0)","void mshadow::cuda::MapPlanKernel<mshadow::sv::saveto, int=8, mshadow::expr::Plan<mshadow::Tensor<mshadow::gpu, int=2, float>, float>, mshadow::expr::Plan<mshadow::expr::BinaryMapExp<mshadow::op::plus, mshadow::expr::BinaryMapExp<mshadow::op::mul, mshadow::expr::ScalarExp<float>, mshadow::Tensor<mshadow::gpu, int=2, float>, float, int=1>, mshadow::expr::BinaryMapExp<mshadow::op::mul, mshadow::expr::ScalarExp<float>, mshadow::expr::UnaryMapExp<mxnet::op::mshadow_op::square, mshadow::expr::BinaryMapExp<mxnet::op::mshadow_op::clip, mshadow::Tensor<mshadow::gpu, int=2, float>, mshadow::expr::ScalarExp<float>, float, int=1>, float, int=1>, float, int=1>, float, int=1>, float>>(mshadow::gpu, unsigned int, mshadow::Shape<int=2>, int=2)",6,"dram_read_transactions","Device Memory Read Transactions",286,2207962,642536
"TITAN Xp (0)","void mshadow::cuda::MapPlanKernel<mshadow::sv::saveto, int=8, mshadow::expr::Plan<mshadow::Tensor<mshadow::gpu, int=2, float>, float>, mshadow::expr::Plan<mshadow::expr::BinaryMapExp<mshadow::op::plus, mshadow::expr::BinaryMapExp<mshadow::op::mul, mshadow::expr::ScalarExp<float>, mshadow::Tensor<mshadow::gpu, int=2, float>, float, int=1>, mshadow::expr::BinaryMapExp<mshadow::op::mul, mshadow::expr::ScalarExp<float>, mshadow::expr::UnaryMapExp<mxnet::op::mshadow_op::square, mshadow::expr::BinaryMapExp<mxnet::op::mshadow_op::clip, mshadow::Tensor<mshadow::gpu, int=2, float>, mshadow::expr::ScalarExp<float>, float, int=1>, float, int=1>, float, int=1>, float, int=1>, float>>(mshadow::gpu, unsigned int, mshadow::Shape<int=2>, int=2)",6,"dram_write_transactions","Device Memory Write Transactions",16,1095654,316746
"TITAN Xp (0)","void mxnet::op::broadcast::reduce_kernel_M1<mshadow::red::sum, int=4, float, mxnet::op::mshadow_op::identity>(int, bool, float const *, mxnet::op::broadcast::reduce_kernel_M1<mshadow::red::sum, int=4, float, mxnet::op::mshadow_op::identity>*, mshadow::Shape<int=4>, mshadow::Shape)",20,"dram_read_transactions","Device Memory Read Transactions",84551,218911,210958
"TITAN Xp (0)","void mxnet::op::broadcast::reduce_kernel_M1<mshadow::red::sum, int=4, float, mxnet::op::mshadow_op::identity>(int, bool, float const *, mxnet::op::broadcast::reduce_kernel_M1<mshadow::red::sum, int=4, float, mxnet::op::mshadow_op::identity>*, mshadow::Shape<int=4>, mshadow::Shape)",20,"dram_write_transactions","Device Memory Write Transactions",97976,111612,109646
"TITAN Xp (0)","void gemmk1_kernel<float, int=256, int=5, bool=0, bool=0, bool=0, bool=0>(cublasGemmk1Params<float>, float const *, float const *, float*)",20,"dram_read_transactions","Device Memory Read Transactions",144,1204,393
"TITAN Xp (0)","void gemmk1_kernel<float, int=256, int=5, bool=0, bool=0, bool=0, bool=0>(cublasGemmk1Params<float>, float const *, float const *, float*)",20,"dram_write_transactions","Device Memory Write Transactions",99375,108910,106941
"TITAN Xp (0)","void mxnet::op::broadcast::reduce_kernel<mshadow::red::sum, int=2, float, mshadow::op::identity, int=2>(int, int, bool, float const *, mxnet::op::broadcast::reduce_kernel<mshadow::red::sum, int=2, float, mshadow::op::identity, int=2>*, mshadow::Shape<int=2>, mshadow::Shape, mshadow::Shape, mshadow::Shape, int, bool)",2,"dram_read_transactions","Device Memory Read Transactions",766,850,808
"TITAN Xp (0)","void mxnet::op::broadcast::reduce_kernel<mshadow::red::sum, int=2, float, mshadow::op::identity, int=2>(int, int, bool, float const *, mxnet::op::broadcast::reduce_kernel<mshadow::red::sum, int=2, float, mshadow::op::identity, int=2>*, mshadow::Shape<int=2>, mshadow::Shape, mshadow::Shape, mshadow::Shape, int, bool)",2,"dram_write_transactions","Device Memory Write Transactions",157,188,172
"TITAN Xp (0)","_ZN5mxnet2op8mxnet_op20mxnet_generic_kernelINS1_11op_with_reqINS0_10mshadow_op3logELi1EEEJPfS7_EEEviDpT0_",1,"dram_read_transactions","Device Memory Read Transactions",164,164,164
"TITAN Xp (0)","_ZN5mxnet2op8mxnet_op20mxnet_generic_kernelINS1_11op_with_reqINS0_10mshadow_op3logELi1EEEJPfS7_EEEviDpT0_",1,"dram_write_transactions","Device Memory Write Transactions",20,20,20
"TITAN Xp (0)","maxwell_sgemm_128x64_nt",73,"dram_read_transactions","Device Memory Read Transactions",13512,249052,72143
"TITAN Xp (0)","maxwell_sgemm_128x64_nt",73,"dram_write_transactions","Device Memory Write Transactions",88,58859,31183
"TITAN Xp (0)","_ZN5mxnet2op8mxnet_op20mxnet_generic_kernelINS0_4pickILi2EEEJPfS5_PiiiN7mshadow5ShapeILi2EEES9_EEEviDpT0_",1,"dram_read_transactions","Device Memory Read Transactions",3160,3160,3160
"TITAN Xp (0)","_ZN5mxnet2op8mxnet_op20mxnet_generic_kernelINS0_4pickILi2EEEJPfS5_PiiiN7mshadow5ShapeILi2EEES9_EEEviDpT0_",1,"dram_write_transactions","Device Memory Write Transactions",1293,1293,1293
"TITAN Xp (0)","void cudnn::detail::activation_fw_4d_kernel<float, float, int=128, int=1, int=4, cudnn::detail::tanh_func<float>>(cudnnTensorStruct, float const *, cudnn::detail::activation_fw_4d_kernel<float, float, int=128, int=1, int=4, cudnn::detail::tanh_func<float>>, cudnnTensorStruct*, float, cudnnTensorStruct*, int, cudnnTensorStruct*)",208,"dram_read_transactions","Device Memory Read Transactions",0,115325,10223
"TITAN Xp (0)","void cudnn::detail::activation_fw_4d_kernel<float, float, int=128, int=1, int=4, cudnn::detail::tanh_func<float>>(cudnnTensorStruct, float const *, cudnn::detail::activation_fw_4d_kernel<float, float, int=128, int=1, int=4, cudnn::detail::tanh_func<float>>, cudnnTensorStruct*, float, cudnnTensorStruct*, int, cudnnTensorStruct*)",208,"dram_write_transactions","Device Memory Write Transactions",0,114146,12712
"TITAN Xp (0)","_ZN5mxnet2op8mxnet_op20mxnet_generic_kernelINS0_10tcast_clipEJPiPfiEEEviDpT0_",2,"dram_read_transactions","Device Memory Read Transactions",416,553,484
"TITAN Xp (0)","_ZN5mxnet2op8mxnet_op20mxnet_generic_kernelINS0_10tcast_clipEJPiPfiEEEviDpT0_",2,"dram_write_transactions","Device Memory Write Transactions",0,20,10
"TITAN Xp (0)","void mxnet::op::_cuda_par_reverse_sequence<float>(float const *, mxnet::op::_cuda_par_reverse_sequence<float>*, float const , mxnet::OpReqType)",6,"dram_read_transactions","Device Memory Read Transactions",38908,115548,90340
"TITAN Xp (0)","void mxnet::op::_cuda_par_reverse_sequence<float>(float const *, mxnet::op::_cuda_par_reverse_sequence<float>*, float const , mxnet::OpReqType)",6,"dram_write_transactions","Device Memory Write Transactions",52217,111616,90751
"TITAN Xp (0)","_ZN5mxnet2op8mxnet_op20mxnet_generic_kernelINS1_11op_with_reqINS0_10mshadow_op7maximumELi1EEEJPfS7_fEEEviDpT0_",1,"dram_read_transactions","Device Memory Read Transactions",64,64,64
"TITAN Xp (0)","_ZN5mxnet2op8mxnet_op20mxnet_generic_kernelINS1_11op_with_reqINS0_10mshadow_op7maximumELi1EEEJPfS7_fEEEviDpT0_",1,"dram_write_transactions","Device Memory Write Transactions",16,16,16
"TITAN Xp (0)","void mshadow::cuda::MapPlanKernel<mshadow::sv::saveto, int=8, mshadow::expr::Plan<mshadow::Tensor<mshadow::gpu, int=3, float>, float>, mshadow::expr::Plan<mshadow::expr::ScalarExp<float>, float>>(mshadow::gpu, unsigned int, mshadow::Shape<int=2>, int=3)",1,"dram_read_transactions","Device Memory Read Transactions",288,288,288
"TITAN Xp (0)","void mshadow::cuda::MapPlanKernel<mshadow::sv::saveto, int=8, mshadow::expr::Plan<mshadow::Tensor<mshadow::gpu, int=3, float>, float>, mshadow::expr::Plan<mshadow::expr::ScalarExp<float>, float>>(mshadow::gpu, unsigned int, mshadow::Shape<int=2>, int=3)",1,"dram_write_transactions","Device Memory Write Transactions",98751,98751,98751
"TITAN Xp (0)","_ZN5mxnet2op8mxnet_op20mxnet_generic_kernelINS0_3SumEJPfNS_9OpReqTypeES4_S4_S4_EEEviDpT0_",19,"dram_read_transactions","Device Memory Read Transactions",16424,17148,16613
"TITAN Xp (0)","_ZN5mxnet2op8mxnet_op20mxnet_generic_kernelINS0_3SumEJPfNS_9OpReqTypeES4_S4_S4_EEEviDpT0_",19,"dram_write_transactions","Device Memory Write Transactions",3368,5096,4322
"TITAN Xp (0)","void mshadow::cuda::MapPlanKernel<mshadow::sv::plusto, int=8, mshadow::expr::Plan<mshadow::Tensor<mshadow::gpu, int=2, float>, float>, mshadow::expr::Plan<mshadow::expr::Broadcast1DExp<mshadow::Tensor<mshadow::gpu, int=1, float>, float, int=2, int=1>, float>>(mshadow::gpu, unsigned int, mshadow::Shape<int=2>, int=2)",188,"dram_read_transactions","Device Memory Read Transactions",104,33687,845
"TITAN Xp (0)","void mshadow::cuda::MapPlanKernel<mshadow::sv::plusto, int=8, mshadow::expr::Plan<mshadow::Tensor<mshadow::gpu, int=2, float>, float>, mshadow::expr::Plan<mshadow::expr::Broadcast1DExp<mshadow::Tensor<mshadow::gpu, int=1, float>, float, int=2, int=1>, float>>(mshadow::gpu, unsigned int, mshadow::Shape<int=2>, int=2)",188,"dram_write_transactions","Device Memory Write Transactions",0,26555,267
"TITAN Xp (0)","_ZN5mxnet2op8mxnet_op20mxnet_generic_kernelINS1_11op_with_reqIN7mshadow2op4plusELi1EEEJPfS8_S8_EEEviDpT0_",165,"dram_read_transactions","Device Memory Read Transactions",0,38300,11277
"TITAN Xp (0)","_ZN5mxnet2op8mxnet_op20mxnet_generic_kernelINS1_11op_with_reqIN7mshadow2op4plusELi1EEEJPfS8_S8_EEEviDpT0_",165,"dram_write_transactions","Device Memory Write Transactions",0,27296,5753
"TITAN Xp (0)","void mshadow::cuda::SoftmaxGradKernel<int=8, float, mshadow::expr::Plan<mshadow::Tensor<mshadow::gpu, int=2, float>, float>, mshadow::expr::Plan<mshadow::Tensor<mshadow::gpu, int=2, float>, float>, mshadow::expr::Plan<mshadow::Tensor<mshadow::gpu, int=1, float>, float>>(mshadow::gpu, int=2, float, unsigned int, float)",1,"dram_read_transactions","Device Memory Read Transactions",1720346,1720346,1720346
"TITAN Xp (0)","void mshadow::cuda::SoftmaxGradKernel<int=8, float, mshadow::expr::Plan<mshadow::Tensor<mshadow::gpu, int=2, float>, float>, mshadow::expr::Plan<mshadow::Tensor<mshadow::gpu, int=2, float>, float>, mshadow::expr::Plan<mshadow::Tensor<mshadow::gpu, int=1, float>, float>>(mshadow::gpu, int=2, float, unsigned int, float)",1,"dram_write_transactions","Device Memory Write Transactions",2499102,2499102,2499102
"TITAN Xp (0)","_ZN5mxnet2op8mxnet_op20mxnet_generic_kernelINS0_3SumEJPfNS_9OpReqTypeES4_S4_S4_S4_EEEviDpT0_",1,"dram_read_transactions","Device Memory Read Transactions",23028,23028,23028
"TITAN Xp (0)","_ZN5mxnet2op8mxnet_op20mxnet_generic_kernelINS0_3SumEJPfNS_9OpReqTypeES4_S4_S4_S4_EEEviDpT0_",1,"dram_write_transactions","Device Memory Write Transactions",7615,7615,7615
"TITAN Xp (0)","_ZN5mxnet2op8mxnet_op20mxnet_generic_kernelINS0_4TakeEJPfS4_S4_jjEEEviDpT0_",2,"dram_read_transactions","Device Memory Read Transactions",36131,47183,41657
"TITAN Xp (0)","_ZN5mxnet2op8mxnet_op20mxnet_generic_kernelINS0_4TakeEJPfS4_S4_jjEEEviDpT0_",2,"dram_write_transactions","Device Memory Write Transactions",110197,159015,134606
"TITAN Xp (0)","void mshadow::cuda::MapPlanKernel<mshadow::sv::saveto, int=8, mshadow::expr::Plan<mshadow::Tensor<mshadow::gpu, int=1, int>, int>, mshadow::expr::Plan<mshadow::expr::RangeExp<int>, int>>(mshadow::gpu, unsigned int, mshadow::Shape<int=2>, int=1)",2,"dram_read_transactions","Device Memory Read Transactions",120,160,140
"TITAN Xp (0)","void mshadow::cuda::MapPlanKernel<mshadow::sv::saveto, int=8, mshadow::expr::Plan<mshadow::Tensor<mshadow::gpu, int=1, int>, int>, mshadow::expr::Plan<mshadow::expr::RangeExp<int>, int>>(mshadow::gpu, unsigned int, mshadow::Shape<int=2>, int=1)",2,"dram_write_transactions","Device Memory Write Transactions",0,8,4
"TITAN Xp (0)","void mshadow::cuda::MapPlanKernel<mshadow::sv::plusto, int=8, mshadow::expr::Plan<mshadow::Tensor<mshadow::gpu, int=1, float>, float>, mshadow::expr::Plan<mshadow::Tensor<mshadow::gpu, int=1, float>, float>>(mshadow::gpu, unsigned int, mshadow::Shape<int=2>, int=1)",256,"dram_read_transactions","Device Memory Read Transactions",0,2539,203
"TITAN Xp (0)","void mshadow::cuda::MapPlanKernel<mshadow::sv::plusto, int=8, mshadow::expr::Plan<mshadow::Tensor<mshadow::gpu, int=1, float>, float>, mshadow::expr::Plan<mshadow::Tensor<mshadow::gpu, int=1, float>, float>>(mshadow::gpu, unsigned int, mshadow::Shape<int=2>, int=1)",256,"dram_write_transactions","Device Memory Write Transactions",0,29,2
"TITAN Xp (0)","_ZN5mxnet2op8mxnet_op20mxnet_generic_kernelINS1_11op_with_reqINS0_10mshadow_op8identityELi1EEEJPfS7_EEEviDpT0_",25,"dram_read_transactions","Device Memory Read Transactions",100,263244,47834
"TITAN Xp (0)","_ZN5mxnet2op8mxnet_op20mxnet_generic_kernelINS1_11op_with_reqINS0_10mshadow_op8identityELi1EEEJPfS7_EEEviDpT0_",25,"dram_write_transactions","Device Memory Write Transactions",0,221770,39594
"TITAN Xp (0)","sgemm_128x128x8_TN",1,"dram_read_transactions","Device Memory Read Transactions",5728226,5728226,5728226
"TITAN Xp (0)","sgemm_128x128x8_TN",1,"dram_write_transactions","Device Memory Write Transactions",531118,531118,531118
"TITAN Xp (0)","_ZN5mxnet2op8mxnet_op20mxnet_generic_kernelINS0_16ElemwiseBinaryOp15BackwardUseInOpINS0_10mshadow_op4leftELi1EEEJPfPKfSA_SA_EEEviDpT0_",243,"dram_read_transactions","Device Memory Read Transactions",4096,16545,7013
"TITAN Xp (0)","_ZN5mxnet2op8mxnet_op20mxnet_generic_kernelINS0_16ElemwiseBinaryOp15BackwardUseInOpINS0_10mshadow_op4leftELi1EEEJPfPKfSA_SA_EEEviDpT0_",243,"dram_write_transactions","Device Memory Write Transactions",0,6060,1358
"TITAN Xp (0)","void mshadow::cuda::MapPlanKernel<mshadow::sv::saveto, int=8, mshadow::expr::Plan<mshadow::Tensor<mshadow::gpu, int=2, float>, float>, mshadow::expr::Plan<mshadow::expr::ScalarExp<float>, float>>(mshadow::gpu, unsigned int, mshadow::Shape<int=2>, int=2)",3,"dram_read_transactions","Device Memory Read Transactions",40,228,105
"TITAN Xp (0)","void mshadow::cuda::MapPlanKernel<mshadow::sv::saveto, int=8, mshadow::expr::Plan<mshadow::Tensor<mshadow::gpu, int=2, float>, float>, mshadow::expr::Plan<mshadow::expr::ScalarExp<float>, float>>(mshadow::gpu, unsigned int, mshadow::Shape<int=2>, int=2)",3,"dram_write_transactions","Device Memory Write Transactions",2168,1093084,519879
"TITAN Xp (0)","void mshadow::cuda::MapRedKeepLowestKernel<mshadow::sv::plusto, mshadow::red::sum, int=5, float, mshadow::expr::Plan<mshadow::Tensor<mshadow::gpu, int=1, float>, float>, mshadow::expr::Plan<mshadow::Tensor<mshadow::gpu, int=2, float>, float>>(mshadow::gpu, int=1, float, mshadow::Shape<int=2>)",173,"dram_read_transactions","Device Memory Read Transactions",160,33851,18624
"TITAN Xp (0)","void mshadow::cuda::MapRedKeepLowestKernel<mshadow::sv::plusto, mshadow::red::sum, int=5, float, mshadow::expr::Plan<mshadow::Tensor<mshadow::gpu, int=1, float>, float>, mshadow::expr::Plan<mshadow::Tensor<mshadow::gpu, int=2, float>, float>>(mshadow::gpu, int=1, float, mshadow::Shape<int=2>)",173,"dram_write_transactions","Device Memory Write Transactions",2236,40369,29561
"TITAN Xp (0)","_ZN5mxnet2op8mxnet_op20mxnet_generic_kernelINS1_11op_with_reqIN7mshadow2op3mulELi1EEEJPfS8_S8_EEEviDpT0_",247,"dram_read_transactions","Device Memory Read Transactions",0,16631,2755
"TITAN Xp (0)","_ZN5mxnet2op8mxnet_op20mxnet_generic_kernelINS1_11op_with_reqIN7mshadow2op3mulELi1EEEJPfS8_S8_EEEviDpT0_",247,"dram_write_transactions","Device Memory Write Transactions",0,5572,1952
"TITAN Xp (0)","void mshadow::cuda::MapPlanKernel<mshadow::sv::saveto, int=8, mshadow::expr::Plan<mshadow::Tensor<mshadow::gpu, int=2, float>, float>, mshadow::expr::Plan<mshadow::expr::BinaryMapExp<mshadow::op::minus, mshadow::Tensor<mshadow::gpu, int=2, float>, mshadow::expr::BinaryMapExp<mshadow::op::div, mshadow::expr::BinaryMapExp<mshadow::op::mul, mshadow::expr::ScalarExp<float>, mshadow::Tensor<mshadow::gpu, int=2, float>, float, int=1>, mshadow::expr::BinaryMapExp<mshadow::op::plus, mshadow::expr::UnaryMapExp<mxnet::op::mshadow_op::square_root, mshadow::Tensor<mshadow::gpu, int=2, float>, float, int=1>, mshadow::expr::ScalarExp<float>, float, int=1>, float, int=1>, float, int=1>, float>>(mshadow::gpu, unsigned int, mshadow::Shape<int=2>, int=2)",5,"dram_read_transactions","Device Memory Read Transactions",472,3366073,1128335
"TITAN Xp (0)","void mshadow::cuda::MapPlanKernel<mshadow::sv::saveto, int=8, mshadow::expr::Plan<mshadow::Tensor<mshadow::gpu, int=2, float>, float>, mshadow::expr::Plan<mshadow::expr::BinaryMapExp<mshadow::op::minus, mshadow::Tensor<mshadow::gpu, int=2, float>, mshadow::expr::BinaryMapExp<mshadow::op::div, mshadow::expr::BinaryMapExp<mshadow::op::mul, mshadow::expr::ScalarExp<float>, mshadow::Tensor<mshadow::gpu, int=2, float>, float, int=1>, mshadow::expr::BinaryMapExp<mshadow::op::plus, mshadow::expr::UnaryMapExp<mxnet::op::mshadow_op::square_root, mshadow::Tensor<mshadow::gpu, int=2, float>, float, int=1>, mshadow::expr::ScalarExp<float>, float, int=1>, float, int=1>, float, int=1>, float>>(mshadow::gpu, unsigned int, mshadow::Shape<int=2>, int=2)",5,"dram_write_transactions","Device Memory Write Transactions",4,1107405,373739
"TITAN Xp (0)","void cudnn::detail::activation_bw_4d_kernel<float, float, int=128, int=1, int=4, cudnn::detail::sigmoid_func<float>>(cudnnTensorStruct, float const *, float const , cudnn::detail::activation_bw_4d_kernel<float, float, int=128, int=1, int=4, cudnn::detail::sigmoid_func<float>>, float const , cudnnTensorStruct*, float, cudnnTensorStruct*, int, cudnnTensorStruct*)",246,"dram_read_transactions","Device Memory Read Transactions",0,16964,2129
"TITAN Xp (0)","void cudnn::detail::activation_bw_4d_kernel<float, float, int=128, int=1, int=4, cudnn::detail::sigmoid_func<float>>(cudnnTensorStruct, float const *, float const , cudnn::detail::activation_bw_4d_kernel<float, float, int=128, int=1, int=4, cudnn::detail::sigmoid_func<float>>, float const , cudnnTensorStruct*, float, cudnnTensorStruct*, int, cudnnTensorStruct*)",246,"dram_write_transactions","Device Memory Write Transactions",0,7155,913
"TITAN Xp (0)","void cudnn::detail::activation_fw_4d_kernel<float, float, int=128, int=1, int=4, cudnn::detail::sigmoid_func<float>>(cudnnTensorStruct, float const *, cudnn::detail::activation_fw_4d_kernel<float, float, int=128, int=1, int=4, cudnn::detail::sigmoid_func<float>>, cudnnTensorStruct*, float, cudnnTensorStruct*, int, cudnnTensorStruct*)",246,"dram_read_transactions","Device Memory Read Transactions",0,8565,748
"TITAN Xp (0)","void cudnn::detail::activation_fw_4d_kernel<float, float, int=128, int=1, int=4, cudnn::detail::sigmoid_func<float>>(cudnnTensorStruct, float const *, cudnn::detail::activation_fw_4d_kernel<float, float, int=128, int=1, int=4, cudnn::detail::sigmoid_func<float>>, cudnnTensorStruct*, float, cudnnTensorStruct*, int, cudnnTensorStruct*)",246,"dram_write_transactions","Device Memory Write Transactions",0,8624,4283
"TITAN Xp (0)","maxwell_sgemm_128x64_tn",129,"dram_read_transactions","Device Memory Read Transactions",8158,282616,157512
"TITAN Xp (0)","maxwell_sgemm_128x64_tn",129,"dram_write_transactions","Device Memory Write Transactions",32796,108108,43325
"TITAN Xp (0)","void gemv2N_kernel_val<float, float, float, int=128, int=8, int=4, int=4, int=1, cublasGemvParams<cublasGemvTensorStridedBatched<float const >, cublasGemvTensorStridedBatched<float>, float>>(float, float, float const )",20,"dram_read_transactions","Device Memory Read Transactions",114840,116436,115542
"TITAN Xp (0)","void gemv2N_kernel_val<float, float, float, int=128, int=8, int=4, int=4, int=1, cublasGemvParams<cublasGemvTensorStridedBatched<float const >, cublasGemvTensorStridedBatched<float>, float>>(float, float, float const )",20,"dram_write_transactions","Device Memory Write Transactions",5099,8203,5552
"TITAN Xp (0)","void mshadow::cuda::MapPlanLargeKernel<mshadow::sv::plusto, int=8, int=1024, mshadow::expr::Plan<mshadow::Tensor<mshadow::gpu, int=2, float>, float>, mshadow::expr::Plan<mshadow::expr::Broadcast1DExp<mshadow::Tensor<mshadow::gpu, int=1, float>, float, int=2, int=1>, float>>(mshadow::gpu, unsigned int, mshadow::Shape<int=2>, int=2, int)",1,"dram_read_transactions","Device Memory Read Transactions",2482650,2482650,2482650
"TITAN Xp (0)","void mshadow::cuda::MapPlanLargeKernel<mshadow::sv::plusto, int=8, int=1024, mshadow::expr::Plan<mshadow::Tensor<mshadow::gpu, int=2, float>, float>, mshadow::expr::Plan<mshadow::expr::Broadcast1DExp<mshadow::Tensor<mshadow::gpu, int=1, float>, float, int=2, int=1>, float>>(mshadow::gpu, unsigned int, mshadow::Shape<int=2>, int=2, int)",1,"dram_write_transactions","Device Memory Write Transactions",2461260,2461260,2461260
"TITAN Xp (0)","void mshadow::cuda::SoftmaxKernel<int=8, float, mshadow::expr::Plan<mshadow::Tensor<mshadow::gpu, int=2, float>, float>, mshadow::expr::Plan<mshadow::Tensor<mshadow::gpu, int=2, float>, float>>(mshadow::gpu, int=2, unsigned int)",1,"dram_read_transactions","Device Memory Read Transactions",7396301,7396301,7396301
"TITAN Xp (0)","void mshadow::cuda::SoftmaxKernel<int=8, float, mshadow::expr::Plan<mshadow::Tensor<mshadow::gpu, int=2, float>, float>, mshadow::expr::Plan<mshadow::Tensor<mshadow::gpu, int=2, float>, float>>(mshadow::gpu, int=2, unsigned int)",1,"dram_write_transactions","Device Memory Write Transactions",5123540,5123540,5123540
"TITAN Xp (0)","void mxnet::op::AddTakeGradLargeBatchKernel<int=4, float, int>(float*, int const *, int const *, int const , int const , mxnet::op::AddTakeGradLargeBatchKernel<int=4, float, int> const *, int, int)",2,"dram_read_transactions","Device Memory Read Transactions",162936,213934,188435
"TITAN Xp (0)","void mxnet::op::AddTakeGradLargeBatchKernel<int=4, float, int>(float*, int const *, int const *, int const , int const , mxnet::op::AddTakeGradLargeBatchKernel<int=4, float, int> const *, int, int)",2,"dram_write_transactions","Device Memory Write Transactions",40394,58989,49691
"TITAN Xp (0)","sgemm_32x32x32_NN_vec",205,"dram_read_transactions","Device Memory Read Transactions",32992,362112,126156
"TITAN Xp (0)","sgemm_32x32x32_NN_vec",205,"dram_write_transactions","Device Memory Write Transactions",295,50942,18793
"TITAN Xp (0)","void gemv2N_kernel_val<float, float, float, int=128, int=8, int=4, int=4, int=1, cublasGemvParams<cublasGemvTensor<float const >, cublasGemvTensor<float>, float>>(float, float, float const )",20,"dram_read_transactions","Device Memory Read Transactions",114920,115888,115391
"TITAN Xp (0)","void gemv2N_kernel_val<float, float, float, int=128, int=8, int=4, int=4, int=1, cublasGemvParams<cublasGemvTensor<float const >, cublasGemvTensor<float>, float>>(float, float, float const )",20,"dram_write_transactions","Device Memory Write Transactions",4,417,87
"TITAN Xp (0)","void mshadow::cuda::MapPlanKernel<mshadow::sv::saveto, int=8, mshadow::expr::Plan<mshadow::Tensor<mshadow::gpu, int=5, float>, float>, mshadow::expr::Plan<mshadow::expr::SwapAxisExp<mshadow::Tensor<mshadow::gpu, int=5, float>, float, int=5, int=2, int=1>, float>>(mshadow::gpu, unsigned int, mshadow::Shape<int=2>, int=5)",84,"dram_read_transactions","Device Memory Read Transactions",8,115832,5452
"TITAN Xp (0)","void mshadow::cuda::MapPlanKernel<mshadow::sv::saveto, int=8, mshadow::expr::Plan<mshadow::Tensor<mshadow::gpu, int=5, float>, float>, mshadow::expr::Plan<mshadow::expr::SwapAxisExp<mshadow::Tensor<mshadow::gpu, int=5, float>, float, int=5, int=2, int=1>, float>>(mshadow::gpu, unsigned int, mshadow::Shape<int=2>, int=5)",84,"dram_write_transactions","Device Memory Write Transactions",0,111521,5311
"TITAN Xp (0)","void mshadow::cuda::MapPlanLargeKernel<mshadow::sv::multo, int=8, int=1024, mshadow::expr::Plan<mshadow::Tensor<mshadow::gpu, int=2, float>, float>, mshadow::expr::Plan<mshadow::expr::ScalarExp<float>, float>>(mshadow::gpu, unsigned int, mshadow::Shape<int=2>, int=2, int)",1,"dram_read_transactions","Device Memory Read Transactions",2480903,2480903,2480903
"TITAN Xp (0)","void mshadow::cuda::MapPlanLargeKernel<mshadow::sv::multo, int=8, int=1024, mshadow::expr::Plan<mshadow::Tensor<mshadow::gpu, int=2, float>, float>, mshadow::expr::Plan<mshadow::expr::ScalarExp<float>, float>>(mshadow::gpu, unsigned int, mshadow::Shape<int=2>, int=2, int)",1,"dram_write_transactions","Device Memory Write Transactions",2466574,2466574,2466574
"TITAN Xp (0)","sgemm_32x32x32_NT_vec",120,"dram_read_transactions","Device Memory Read Transactions",28096,91288,57308
"TITAN Xp (0)","sgemm_32x32x32_NT_vec",120,"dram_write_transactions","Device Memory Write Transactions",84,41401,16581
"TITAN Xp (0)","void cudnn::detail::activation_bw_4d_kernel<float, float, int=128, int=1, int=4, cudnn::detail::tanh_func<float>>(cudnnTensorStruct, float const *, float const , cudnn::detail::activation_bw_4d_kernel<float, float, int=128, int=1, int=4, cudnn::detail::tanh_func<float>>, float const , cudnnTensorStruct*, float, cudnnTensorStruct*, int, cudnnTensorStruct*)",208,"dram_read_transactions","Device Memory Read Transactions",0,206817,21489
"TITAN Xp (0)","void cudnn::detail::activation_bw_4d_kernel<float, float, int=128, int=1, int=4, cudnn::detail::tanh_func<float>>(cudnnTensorStruct, float const *, float const , cudnn::detail::activation_bw_4d_kernel<float, float, int=128, int=1, int=4, cudnn::detail::tanh_func<float>>, float const , cudnnTensorStruct*, float, cudnnTensorStruct*, int, cudnnTensorStruct*)",208,"dram_write_transactions","Device Memory Write Transactions",0,100618,9790
"TITAN Xp (0)","void mxnet::op::mxnet_op::SequenceMaskKernel<int=8, float, float>(mshadow::Tensor<mxnet::op::mxnet_op::SequenceMaskKernel<int=8, float, float>::gpu, int=3, float>, mshadow<mshadow::Tensor, int=1, float>, mxnet::op::mxnet_op::SequenceMaskKernel<int=8, float, float>::gpu)",40,"dram_read_transactions","Device Memory Read Transactions",80,1040,261
"TITAN Xp (0)","void mxnet::op::mxnet_op::SequenceMaskKernel<int=8, float, float>(mshadow::Tensor<mxnet::op::mxnet_op::SequenceMaskKernel<int=8, float, float>::gpu, int=3, float>, mshadow<mshadow::Tensor, int=1, float>, mxnet::op::mxnet_op::SequenceMaskKernel<int=8, float, float>::gpu)",40,"dram_write_transactions","Device Memory Write Transactions",0,124,9
"TITAN Xp (0)","void mxnet::op::mxnet_op::softmax_compute_kernel<int=7, mxnet::op::mxnet_op::softmax_fwd, float, int=2>(float*, float, unsigned int, int, mshadow::Shape<int=2>, mshadow::Shape)",20,"dram_read_transactions","Device Memory Read Transactions",359,2311,744
"TITAN Xp (0)","void mxnet::op::mxnet_op::softmax_compute_kernel<int=7, mxnet::op::mxnet_op::softmax_fwd, float, int=2>(float*, float, unsigned int, int, mshadow::Shape<int=2>, mshadow::Shape)",20,"dram_write_transactions","Device Memory Write Transactions",2472,7209,3100
"TITAN Xp (0)","sgemm_128x128x8_NT_vec",1,"dram_read_transactions","Device Memory Read Transactions",5861859,5861859,5861859
"TITAN Xp (0)","sgemm_128x128x8_NT_vec",1,"dram_write_transactions","Device Memory Write Transactions",2508681,2508681,2508681
"TITAN Xp (0)","void mxnet::op::broadcast::binary_broadcast_kernel<int=4, float, mshadow::op::plus, int=2>(int, bool, float const *, float const , mxnet::op::broadcast::binary_broadcast_kernel<int=4, float, mshadow::op::plus, int=2>*, mshadow::Shape<int=4>, mshadow::Shape, mshadow::Shape)",20,"dram_read_transactions","Device Memory Read Transactions",98120,123604,118963
"TITAN Xp (0)","void mxnet::op::broadcast::binary_broadcast_kernel<int=4, float, mshadow::op::plus, int=2>(int, bool, float const *, float const , mxnet::op::broadcast::binary_broadcast_kernel<int=4, float, mshadow::op::plus, int=2>*, mshadow::Shape<int=4>, mshadow::Shape, mshadow::Shape)",20,"dram_write_transactions","Device Memory Write Transactions",100532,110890,108493
"TITAN Xp (0)","void mshadow::cuda::MapPlanKernel<mshadow::sv::saveto, int=8, mshadow::expr::Plan<mshadow::Tensor<mshadow::gpu, int=1, float>, float>, mshadow::expr::Plan<mshadow::expr::ScalarExp<float>, float>>(mshadow::gpu, unsigned int, mshadow::Shape<int=2>, int=1)",8,"dram_read_transactions","Device Memory Read Transactions",28,176,83
"TITAN Xp (0)","void mshadow::cuda::MapPlanKernel<mshadow::sv::saveto, int=8, mshadow::expr::Plan<mshadow::Tensor<mshadow::gpu, int=1, float>, float>, mshadow::expr::Plan<mshadow::expr::ScalarExp<float>, float>>(mshadow::gpu, unsigned int, mshadow::Shape<int=2>, int=1)",8,"dram_write_transactions","Device Memory Write Transactions",0,2056,466
"TITAN Xp (0)","void mshadow::cuda::MapPlanKernel<mshadow::sv::saveto, int=8, mshadow::expr::Plan<mshadow::Tensor<mshadow::gpu, int=2, float>, float>, mshadow::expr::Plan<mshadow::expr::BinaryMapExp<mshadow::op::plus, mshadow::expr::BinaryMapExp<mshadow::op::mul, mshadow::expr::ScalarExp<float>, mshadow::Tensor<mshadow::gpu, int=2, float>, float, int=1>, mshadow::expr::BinaryMapExp<mshadow::op::mul, mshadow::expr::ScalarExp<float>, mshadow::Tensor<mshadow::gpu, int=2, float>, float, int=1>, float, int=1>, float>>(mshadow::gpu, unsigned int, mshadow::Shape<int=2>, int=2)",6,"dram_read_transactions","Device Memory Read Transactions",310,2206286,641812
"TITAN Xp (0)","void mshadow::cuda::MapPlanKernel<mshadow::sv::saveto, int=8, mshadow::expr::Plan<mshadow::Tensor<mshadow::gpu, int=2, float>, float>, mshadow::expr::Plan<mshadow::expr::BinaryMapExp<mshadow::op::plus, mshadow::expr::BinaryMapExp<mshadow::op::mul, mshadow::expr::ScalarExp<float>, mshadow::Tensor<mshadow::gpu, int=2, float>, float, int=1>, mshadow::expr::BinaryMapExp<mshadow::op::mul, mshadow::expr::ScalarExp<float>, mshadow::Tensor<mshadow::gpu, int=2, float>, float, int=1>, float, int=1>, float>>(mshadow::gpu, unsigned int, mshadow::Shape<int=2>, int=2)",6,"dram_write_transactions","Device Memory Write Transactions",16,1088239,312834
"TITAN Xp (0)","void mshadow::cuda::MapRedKeepLowestKernel<mshadow::sv::saveto, mshadow::red::sum, int=5, float, mshadow::expr::Plan<mshadow::Tensor<mshadow::gpu, int=1, float>, float>, mshadow::expr::Plan<mshadow::Tensor<mshadow::gpu, int=2, float>, float>>(mshadow::gpu, int=1, float, mshadow::Shape<int=2>)",16,"dram_read_transactions","Device Memory Read Transactions",154,2486136,166761
"TITAN Xp (0)","void mshadow::cuda::MapRedKeepLowestKernel<mshadow::sv::saveto, mshadow::red::sum, int=5, float, mshadow::expr::Plan<mshadow::Tensor<mshadow::gpu, int=1, float>, float>, mshadow::expr::Plan<mshadow::Tensor<mshadow::gpu, int=2, float>, float>>(mshadow::gpu, int=1, float, mshadow::Shape<int=2>)",16,"dram_write_transactions","Device Memory Write Transactions",5261,62157,24913
"TITAN Xp (0)","void cub::DeviceRadixSortSingleTileKernel<cub::DeviceRadixSortPolicy<int, int, int>::Policy620, bool=0, int, int, int>(int const *, cub::DeviceRadixSortSingleTileKernel<cub::DeviceRadixSortPolicy<int, int, int>::Policy620, bool=0, int, int, int>*, cub::DeviceRadixSortPolicy<int, int, int>::Policy620 const *, cub::DeviceRadixSortSingleTileKernel<cub::DeviceRadixSortPolicy<int, int, int>::Policy620, bool=0, int, int, int>**, bool=0, int, int)",2,"dram_read_transactions","Device Memory Read Transactions",396,544,470
"TITAN Xp (0)","void cub::DeviceRadixSortSingleTileKernel<cub::DeviceRadixSortPolicy<int, int, int>::Policy620, bool=0, int, int, int>(int const *, cub::DeviceRadixSortSingleTileKernel<cub::DeviceRadixSortPolicy<int, int, int>::Policy620, bool=0, int, int, int>*, cub::DeviceRadixSortPolicy<int, int, int>::Policy620 const *, cub::DeviceRadixSortSingleTileKernel<cub::DeviceRadixSortPolicy<int, int, int>::Policy620, bool=0, int, int, int>**, bool=0, int, int)",2,"dram_write_transactions","Device Memory Write Transactions",0,4,2
"TITAN Xp (0)","void mshadow::cuda::MapPlanKernel<mshadow::sv::saveto, int=8, mshadow::expr::Plan<mshadow::expr::SliceExp<mshadow::Tensor<mshadow::gpu, int=3, float>, mshadow::gpu, float, int=3, int=2>, float>, mshadow::expr::Plan<mshadow::Tensor<mshadow::gpu, int=3, float>, float>>(mshadow::gpu, unsigned int, mshadow::Shape<int=2>, int=3)",534,"dram_read_transactions","Device Memory Read Transactions",0,57614,2884
"TITAN Xp (0)","void mshadow::cuda::MapPlanKernel<mshadow::sv::saveto, int=8, mshadow::expr::Plan<mshadow::expr::SliceExp<mshadow::Tensor<mshadow::gpu, int=3, float>, mshadow::gpu, float, int=3, int=2>, float>, mshadow::expr::Plan<mshadow::Tensor<mshadow::gpu, int=3, float>, float>>(mshadow::gpu, unsigned int, mshadow::Shape<int=2>, int=3)",534,"dram_write_transactions","Device Memory Write Transactions",0,54216,2900
"TITAN Xp (0)","_ZN5mxnet2op8mxnet_op20mxnet_generic_kernelINS1_11op_with_reqINS0_10mshadow_op2eqELi1EEEJPfS7_fEEEviDpT0_",1,"dram_read_transactions","Device Memory Read Transactions",32,32,32
"TITAN Xp (0)","_ZN5mxnet2op8mxnet_op20mxnet_generic_kernelINS1_11op_with_reqINS0_10mshadow_op2eqELi1EEEJPfS7_fEEEviDpT0_",1,"dram_write_transactions","Device Memory Write Transactions",0,0,0
"TITAN Xp (0)","void mshadow::cuda::MapPlanKernel<mshadow::sv::saveto, int=8, mshadow::expr::Plan<mshadow::Tensor<mshadow::gpu, int=1, int>, int>, mshadow::expr::Plan<mshadow::expr::TypecastExp<int, float, mshadow::Tensor<mshadow::gpu, int=1, float>, int=1>, int>>(mshadow::gpu, unsigned int, mshadow::Shape<int=2>, int=1)",1,"dram_read_transactions","Device Memory Read Transactions",491,491,491
"TITAN Xp (0)","void mshadow::cuda::MapPlanKernel<mshadow::sv::saveto, int=8, mshadow::expr::Plan<mshadow::Tensor<mshadow::gpu, int=1, int>, int>, mshadow::expr::Plan<mshadow::expr::TypecastExp<int, float, mshadow::Tensor<mshadow::gpu, int=1, float>, int=1>, int>>(mshadow::gpu, unsigned int, mshadow::Shape<int=2>, int=1)",1,"dram_write_transactions","Device Memory Write Transactions",8,8,8
"TITAN Xp (0)","void mshadow::cuda::MapPlanKernel<mshadow::sv::saveto, int=8, mshadow::expr::Plan<mshadow::Tensor<mshadow::gpu, int=2, float>, float>, mshadow::expr::Plan<mshadow::expr::BinaryMapExp<mshadow::op::plus, mshadow::expr::BinaryMapExp<mshadow::op::mul, mshadow::expr::ScalarExp<float>, mshadow::Tensor<mshadow::gpu, int=2, float>, float, int=1>, mshadow::expr::BinaryMapExp<mshadow::op::mul, mshadow::expr::ScalarExp<float>, mshadow::expr::BinaryMapExp<mxnet::op::mshadow_op::clip, mshadow::Tensor<mshadow::gpu, int=2, float>, mshadow::expr::ScalarExp<float>, float, int=1>, float, int=1>, float, int=1>, float>>(mshadow::gpu, unsigned int, mshadow::Shape<int=2>, int=2)",6,"dram_read_transactions","Device Memory Read Transactions",192,2211558,641887
"TITAN Xp (0)","void mshadow::cuda::MapPlanKernel<mshadow::sv::saveto, int=8, mshadow::expr::Plan<mshadow::Tensor<mshadow::gpu, int=2, float>, float>, mshadow::expr::Plan<mshadow::expr::BinaryMapExp<mshadow::op::plus, mshadow::expr::BinaryMapExp<mshadow::op::mul, mshadow::expr::ScalarExp<float>, mshadow::Tensor<mshadow::gpu, int=2, float>, float, int=1>, mshadow::expr::BinaryMapExp<mshadow::op::mul, mshadow::expr::ScalarExp<float>, mshadow::expr::BinaryMapExp<mxnet::op::mshadow_op::clip, mshadow::Tensor<mshadow::gpu, int=2, float>, mshadow::expr::ScalarExp<float>, float, int=1>, float, int=1>, float, int=1>, float>>(mshadow::gpu, unsigned int, mshadow::Shape<int=2>, int=2)",6,"dram_write_transactions","Device Memory Write Transactions",4,1095538,316890
"TITAN Xp (0)","void mshadow::cuda::MapPlanKernel<mshadow::sv::saveto, int=8, mshadow::expr::Plan<mshadow::Tensor<mshadow::gpu, int=2, float>, float>, mshadow::expr::Plan<mshadow::expr::BroadcastWithMultiAxesExp<mshadow::Tensor<mshadow::gpu, int=2, float>, float, int=2>, float>>(mshadow::gpu, unsigned int, mshadow::Shape<int=2>, int=2)",1,"dram_read_transactions","Device Memory Read Transactions",216,216,216
"TITAN Xp (0)","void mshadow::cuda::MapPlanKernel<mshadow::sv::saveto, int=8, mshadow::expr::Plan<mshadow::Tensor<mshadow::gpu, int=2, float>, float>, mshadow::expr::Plan<mshadow::expr::BroadcastWithMultiAxesExp<mshadow::Tensor<mshadow::gpu, int=2, float>, float, int=2>, float>>(mshadow::gpu, unsigned int, mshadow::Shape<int=2>, int=2)",1,"dram_write_transactions","Device Memory Write Transactions",2160,2160,2160
"TITAN Xp (0)","void mshadow::cuda::MapPlanKernel<mshadow::sv::saveto, int=8, mshadow::expr::Plan<mshadow::Tensor<mshadow::gpu, int=3, float>, float>, mshadow::expr::Plan<mshadow::expr::UnaryMapExp<mxnet::op::mshadow_op::identity, mshadow::Tensor<mshadow::gpu, int=3, float>, float, int=1>, float>>(mshadow::gpu, unsigned int, mshadow::Shape<int=2>, int=3)",40,"dram_read_transactions","Device Memory Read Transactions",40,2738,241
"TITAN Xp (0)","void mshadow::cuda::MapPlanKernel<mshadow::sv::saveto, int=8, mshadow::expr::Plan<mshadow::Tensor<mshadow::gpu, int=3, float>, float>, mshadow::expr::Plan<mshadow::expr::UnaryMapExp<mxnet::op::mshadow_op::identity, mshadow::Tensor<mshadow::gpu, int=3, float>, float, int=1>, float>>(mshadow::gpu, unsigned int, mshadow::Shape<int=2>, int=3)",40,"dram_write_transactions","Device Memory Write Transactions",0,60,10
"TITAN Xp (0)","_ZN5mxnet2op8mxnet_op20mxnet_generic_kernelINS0_3SumEJPfNS_9OpReqTypeES4_S4_EEEviDpT0_",157,"dram_read_transactions","Device Memory Read Transactions",4096,230096,9969
"TITAN Xp (0)","_ZN5mxnet2op8mxnet_op20mxnet_generic_kernelINS0_3SumEJPfNS_9OpReqTypeES4_S4_EEEviDpT0_",157,"dram_write_transactions","Device Memory Write Transactions",0,109761,2507
"TITAN Xp (0)","void mxnet::op::broadcast::reduce_kernel<mshadow::red::sum, int=2, float, mshadow::op::identity, int=1>(int, int, bool, float const *, mxnet::op::broadcast::reduce_kernel<mshadow::red::sum, int=2, float, mshadow::op::identity, int=1>*, mshadow::Shape<int=2>, mshadow::Shape, mshadow::Shape, mshadow::Shape, int, bool)",1,"dram_read_transactions","Device Memory Read Transactions",556,556,556
"TITAN Xp (0)","void mxnet::op::broadcast::reduce_kernel<mshadow::red::sum, int=2, float, mshadow::op::identity, int=1>(int, int, bool, float const *, mxnet::op::broadcast::reduce_kernel<mshadow::red::sum, int=2, float, mshadow::op::identity, int=1>*, mshadow::Shape<int=2>, mshadow::Shape, mshadow::Shape, mshadow::Shape, int, bool)",1,"dram_write_transactions","Device Memory Write Transactions",15476,15476,15476
"TITAN Xp (0)","_ZN5mxnet2op8mxnet_op20mxnet_generic_kernelINS0_16ElemwiseBinaryOp15BackwardUseInOpINS0_10mshadow_op5rightELi1EEEJPfPKfSA_SA_EEEviDpT0_",246,"dram_read_transactions","Device Memory Read Transactions",4096,16552,7027
"TITAN Xp (0)","_ZN5mxnet2op8mxnet_op20mxnet_generic_kernelINS0_16ElemwiseBinaryOp15BackwardUseInOpINS0_10mshadow_op5rightELi1EEEJPfPKfSA_SA_EEEviDpT0_",246,"dram_write_transactions","Device Memory Write Transactions",0,5872,1745
"TITAN Xp (0)","void mxnet::op::mxnet_op::softmax_gradient_kernel<int=7, mshadow::op::mul, mxnet::op::mxnet_op::softmax_bwd, float, int=2>(float*, float, float, unsigned int, int, mshadow::Shape<int=2>, mshadow::Shape)",20,"dram_read_transactions","Device Memory Read Transactions",566,896,725
"TITAN Xp (0)","void mxnet::op::mxnet_op::softmax_gradient_kernel<int=7, mshadow::op::mul, mxnet::op::mxnet_op::softmax_bwd, float, int=2>(float*, float, float, unsigned int, int, mshadow::Shape<int=2>, mshadow::Shape)",20,"dram_write_transactions","Device Memory Write Transactions",4756,5036,4922
"TITAN Xp (0)","_ZN5mxnet2op8mxnet_op20mxnet_generic_kernelINS1_11op_with_reqINS0_10mshadow_op6rminusELi1EEEJPfS7_fEEEviDpT0_",1,"dram_read_transactions","Device Memory Read Transactions",272,272,272
"TITAN Xp (0)","_ZN5mxnet2op8mxnet_op20mxnet_generic_kernelINS1_11op_with_reqINS0_10mshadow_op6rminusELi1EEEJPfS7_fEEEviDpT0_",1,"dram_write_transactions","Device Memory Write Transactions",32,32,32
"TITAN Xp (0)","sgemm_128x128x8_NN",1,"dram_read_transactions","Device Memory Read Transactions",3809372,3809372,3809372
"TITAN Xp (0)","sgemm_128x128x8_NN",1,"dram_write_transactions","Device Memory Write Transactions",137766,137766,137766
"TITAN Xp (0)","void gemv2T_kernel_val<float, float, float, int=128, int=16, int=2, int=4, bool=0, cublasGemvParams<cublasGemvTensorStridedBatched<float const >, cublasGemvTensorStridedBatched<float>, float>>(float, float, float const )",20,"dram_read_transactions","Device Memory Read Transactions",114840,116156,115496
"TITAN Xp (0)","void gemv2T_kernel_val<float, float, float, int=128, int=16, int=2, int=4, bool=0, cublasGemvParams<cublasGemvTensorStridedBatched<float const >, cublasGemvTensorStridedBatched<float>, float>>(float, float, float const )",20,"dram_write_transactions","Device Memory Write Transactions",27500,38930,28693
"TITAN Xp (0)","void mxnet::op::broadcast::binary_broadcast_kernel<int=2, float, mxnet::op::mshadow_op::ne, int=2>(int, bool, float const *, float const , mxnet::op::broadcast::binary_broadcast_kernel<int=2, float, mxnet::op::mshadow_op::ne, int=2>*, mshadow::Shape<int=2>, mshadow::Shape, mshadow::Shape)",1,"dram_read_transactions","Device Memory Read Transactions",429,429,429
"TITAN Xp (0)","void mxnet::op::broadcast::binary_broadcast_kernel<int=2, float, mxnet::op::mshadow_op::ne, int=2>(int, bool, float const *, float const , mxnet::op::broadcast::binary_broadcast_kernel<int=2, float, mxnet::op::mshadow_op::ne, int=2>*, mshadow::Shape<int=2>, mshadow::Shape, mshadow::Shape)",1,"dram_write_transactions","Device Memory Write Transactions",16,16,16
