==9862== NVPROF is profiling process 9862, command: python3 -m sockeye.train --source /home/armageddonknight/Workspace/EcoRNN/EcoNMT/benchmarks/sockeye/workspace/data/iwslt15-vi_en/train-preproc.vi --target /home/armageddonknight/Workspace/EcoRNN/EcoNMT/benchmarks/sockeye/workspace/data/iwslt15-vi_en/train
==9862== Profiling application: python3 -m sockeye.train --source /home/armageddonknight/Workspace/EcoRNN/EcoNMT/benchmarks/sockeye/workspace/data/iwslt15-vi_en/train-preproc.vi --target /home/armageddonknight/Workspace/EcoRNN/EcoNMT/benchmarks/sockeye/workspace/data/iwslt15-vi_en/train
==9862== Profiling result:
==9862== Metric result:
"Device","Kernel","Invocations","Metric Name","Metric Description","Min","Max","Avg"
"TITAN Xp (0)","void mshadow::cuda::MapPlanKernel<mshadow::sv::saveto, int=8, mshadow::expr::Plan<mshadow::Tensor<mshadow::gpu, int=2, float>, float>, mshadow::expr::Plan<mshadow::expr::BinaryMapExp<mshadow::op::mul, mshadow::Tensor<mshadow::gpu, int=2, float>, mshadow::Tensor<mshadow::gpu, int=2, float>, float, int=1>, float>>(mshadow::gpu, unsigned int, mshadow::Shape<int=2>, int=2)",40,"dram_read_transactions","Device Memory Read Transactions",40,201174,33772
"TITAN Xp (0)","void mshadow::cuda::MapPlanKernel<mshadow::sv::saveto, int=8, mshadow::expr::Plan<mshadow::Tensor<mshadow::gpu, int=2, float>, float>, mshadow::expr::Plan<mshadow::expr::BinaryMapExp<mshadow::op::mul, mshadow::Tensor<mshadow::gpu, int=2, float>, mshadow::Tensor<mshadow::gpu, int=2, float>, float, int=1>, float>>(mshadow::gpu, unsigned int, mshadow::Shape<int=2>, int=2)",40,"dram_write_transactions","Device Memory Write Transactions",0,99369,18177
"TITAN Xp (0)","void mxnet::op::broadcast::reduce_kernel<mshadow::red::sum, int=2, float, mxnet::op::mshadow_op::identity, int=2>(int, int, bool, float const *, mxnet::op::broadcast::reduce_kernel<mshadow::red::sum, int=2, float, mxnet::op::mshadow_op::identity, int=2>*, mshadow::Shape<int=2>, mshadow::Shape, mshadow::Shape, mshadow::Shape, int, bool)",18,"dram_read_transactions","Device Memory Read Transactions",244,11419,1166
"TITAN Xp (0)","void mxnet::op::broadcast::reduce_kernel<mshadow::red::sum, int=2, float, mxnet::op::mshadow_op::identity, int=2>(int, int, bool, float const *, mxnet::op::broadcast::reduce_kernel<mshadow::red::sum, int=2, float, mxnet::op::mshadow_op::identity, int=2>*, mshadow::Shape<int=2>, mshadow::Shape, mshadow::Shape, mshadow::Shape, int, bool)",18,"dram_write_transactions","Device Memory Write Transactions",0,2472,605
"TITAN Xp (0)","maxwell_sgemm_128x64_nn",18,"dram_read_transactions","Device Memory Read Transactions",262278,282057,267532
"TITAN Xp (0)","maxwell_sgemm_128x64_nn",18,"dram_write_transactions","Device Memory Write Transactions",29000,43031,31205
"TITAN Xp (0)","sgemm_128x128x8_TN_vec",135,"dram_read_transactions","Device Memory Read Transactions",5652,16121573,418483
"TITAN Xp (0)","sgemm_128x128x8_TN_vec",135,"dram_write_transactions","Device Memory Write Transactions",86616,2151682,275385
"TITAN Xp (0)","void gen_sequenced<curandStateXORWOW, float, int, __operator_&__(float curand_uniform_noargs<curandStateXORWOW>(curandStateXORWOW*, int))>(curandStateXORWOW*, float*, unsigned long, unsigned long, int)",20,"dram_read_transactions","Device Memory Read Transactions",6234,8973,6584
"TITAN Xp (0)","void gen_sequenced<curandStateXORWOW, float, int, __operator_&__(float curand_uniform_noargs<curandStateXORWOW>(curandStateXORWOW*, int))>(curandStateXORWOW*, float*, unsigned long, unsigned long, int)",20,"dram_write_transactions","Device Memory Write Transactions",18898,104799,28991
"TITAN Xp (0)","void mshadow::cuda::MapPlanKernel<mshadow::sv::saveto, int=8, mshadow::expr::Plan<mshadow::Tensor<mshadow::gpu, int=3, float>, float>, mshadow::expr::Plan<mshadow::expr::SliceExp<mshadow::Tensor<mshadow::gpu, int=3, float>, mshadow::gpu, float, int=3, int=2>, float>>(mshadow::gpu, unsigned int, mshadow::Shape<int=2>, int=3)",225,"dram_read_transactions","Device Memory Read Transactions",0,115010,4882
"TITAN Xp (0)","void mshadow::cuda::MapPlanKernel<mshadow::sv::saveto, int=8, mshadow::expr::Plan<mshadow::Tensor<mshadow::gpu, int=3, float>, float>, mshadow::expr::Plan<mshadow::expr::SliceExp<mshadow::Tensor<mshadow::gpu, int=3, float>, mshadow::gpu, float, int=3, int=2>, float>>(mshadow::gpu, unsigned int, mshadow::Shape<int=2>, int=3)",225,"dram_write_transactions","Device Memory Write Transactions",0,97067,2683
"TITAN Xp (0)","void mshadow::cuda::MapPlanKernel<mshadow::sv::saveto, int=8, mshadow::expr::Plan<mshadow::Tensor<mshadow::gpu, int=2, float>, float>, mshadow::expr::Plan<mshadow::expr::BinaryMapExp<mshadow::op::plus, mshadow::expr::BinaryMapExp<mshadow::op::mul, mshadow::expr::ScalarExp<float>, mshadow::Tensor<mshadow::gpu, int=2, float>, float, int=1>, mshadow::expr::BinaryMapExp<mshadow::op::mul, mshadow::expr::ScalarExp<float>, mshadow::expr::UnaryMapExp<mxnet::op::mshadow_op::square, mshadow::expr::BinaryMapExp<mxnet::op::mshadow_op::clip, mshadow::Tensor<mshadow::gpu, int=2, float>, mshadow::expr::ScalarExp<float>, float, int=1>, float, int=1>, float, int=1>, float, int=1>, float>>(mshadow::gpu, unsigned int, mshadow::Shape<int=2>, int=2)",7,"dram_read_transactions","Device Memory Read Transactions",417,2150350,665254
"TITAN Xp (0)","void mshadow::cuda::MapPlanKernel<mshadow::sv::saveto, int=8, mshadow::expr::Plan<mshadow::Tensor<mshadow::gpu, int=2, float>, float>, mshadow::expr::Plan<mshadow::expr::BinaryMapExp<mshadow::op::plus, mshadow::expr::BinaryMapExp<mshadow::op::mul, mshadow::expr::ScalarExp<float>, mshadow::Tensor<mshadow::gpu, int=2, float>, float, int=1>, mshadow::expr::BinaryMapExp<mshadow::op::mul, mshadow::expr::ScalarExp<float>, mshadow::expr::UnaryMapExp<mxnet::op::mshadow_op::square, mshadow::expr::BinaryMapExp<mxnet::op::mshadow_op::clip, mshadow::Tensor<mshadow::gpu, int=2, float>, mshadow::expr::ScalarExp<float>, float, int=1>, float, int=1>, float, int=1>, float, int=1>, float>>(mshadow::gpu, unsigned int, mshadow::Shape<int=2>, int=2)",7,"dram_write_transactions","Device Memory Write Transactions",33,1073974,331791
"TITAN Xp (0)","void mxnet::op::broadcast::reduce_kernel<mshadow::red::sum, int=2, float, mshadow::op::identity, int=2>(int, int, bool, float const *, mxnet::op::broadcast::reduce_kernel<mshadow::red::sum, int=2, float, mshadow::op::identity, int=2>*, mshadow::Shape<int=2>, mshadow::Shape, mshadow::Shape, mshadow::Shape, int, bool)",36,"dram_read_transactions","Device Memory Read Transactions",0,12054,2193
"TITAN Xp (0)","void mxnet::op::broadcast::reduce_kernel<mshadow::red::sum, int=2, float, mshadow::op::identity, int=2>(int, int, bool, float const *, mxnet::op::broadcast::reduce_kernel<mshadow::red::sum, int=2, float, mshadow::op::identity, int=2>*, mshadow::Shape<int=2>, mshadow::Shape, mshadow::Shape, mshadow::Shape, int, bool)",36,"dram_write_transactions","Device Memory Write Transactions",48,10348,4874
"TITAN Xp (0)","void gemmk1_kernel<float, int=256, int=5, bool=0, bool=0, bool=0, bool=0>(cublasGemmk1Params<float>, float const *, float const *, float*)",18,"dram_read_transactions","Device Memory Read Transactions",144,8396,846
"TITAN Xp (0)","void gemmk1_kernel<float, int=256, int=5, bool=0, bool=0, bool=0, bool=0>(cublasGemmk1Params<float>, float const *, float const *, float*)",18,"dram_write_transactions","Device Memory Write Transactions",94517,100026,95946
"TITAN Xp (0)","_ZN5mxnet2op8mxnet_op20mxnet_generic_kernelINS1_11op_with_reqINS0_10mshadow_op3logELi1EEEJPfS7_EEEviDpT0_",1,"dram_read_transactions","Device Memory Read Transactions",60,60,60
"TITAN Xp (0)","_ZN5mxnet2op8mxnet_op20mxnet_generic_kernelINS1_11op_with_reqINS0_10mshadow_op3logELi1EEEJPfS7_EEEviDpT0_",1,"dram_write_transactions","Device Memory Write Transactions",7,7,7
"TITAN Xp (0)","maxwell_sgemm_128x64_nt",19,"dram_read_transactions","Device Memory Read Transactions",19354,514880,132987
"TITAN Xp (0)","maxwell_sgemm_128x64_nt",19,"dram_write_transactions","Device Memory Write Transactions",77205,176514,84705
"TITAN Xp (0)","_ZN5mxnet2op8mxnet_op20mxnet_generic_kernelINS0_4pickILi2EEEJPfS5_PiiiN7mshadow5ShapeILi2EEES9_EEEviDpT0_",1,"dram_read_transactions","Device Memory Read Transactions",2110,2110,2110
"TITAN Xp (0)","_ZN5mxnet2op8mxnet_op20mxnet_generic_kernelINS0_4pickILi2EEEJPfS5_PiiiN7mshadow5ShapeILi2EEES9_EEEviDpT0_",1,"dram_write_transactions","Device Memory Write Transactions",512,512,512
"TITAN Xp (0)","void cudnn::detail::activation_fw_4d_kernel<float, float, int=128, int=1, int=4, cudnn::detail::tanh_func<float>>(cudnnTensorStruct, float const *, cudnn::detail::activation_fw_4d_kernel<float, float, int=128, int=1, int=4, cudnn::detail::tanh_func<float>>, cudnnTensorStruct*, float, cudnnTensorStruct*, int, cudnnTensorStruct*)",18,"dram_read_transactions","Device Memory Read Transactions",215,10471,990
"TITAN Xp (0)","void cudnn::detail::activation_fw_4d_kernel<float, float, int=128, int=1, int=4, cudnn::detail::tanh_func<float>>(cudnnTensorStruct, float const *, cudnn::detail::activation_fw_4d_kernel<float, float, int=128, int=1, int=4, cudnn::detail::tanh_func<float>>, cudnnTensorStruct*, float, cudnnTensorStruct*, int, cudnnTensorStruct*)",18,"dram_write_transactions","Device Memory Write Transactions",3464,9448,8494
"TITAN Xp (0)","_ZN5mxnet2op8mxnet_op20mxnet_generic_kernelINS0_10tcast_clipEJPiPfiEEEviDpT0_",2,"dram_read_transactions","Device Memory Read Transactions",240,248,244
"TITAN Xp (0)","_ZN5mxnet2op8mxnet_op20mxnet_generic_kernelINS0_10tcast_clipEJPiPfiEEEviDpT0_",2,"dram_write_transactions","Device Memory Write Transactions",8,17,12
"TITAN Xp (0)","void mxnet::op::_cuda_par_reverse_sequence<float>(float const *, mxnet::op::_cuda_par_reverse_sequence<float>*, float const , mxnet::OpReqType)",4,"dram_read_transactions","Device Memory Read Transactions",100070,100982,100519
"TITAN Xp (0)","void mxnet::op::_cuda_par_reverse_sequence<float>(float const *, mxnet::op::_cuda_par_reverse_sequence<float>*, float const , mxnet::OpReqType)",4,"dram_write_transactions","Device Memory Write Transactions",98906,100728,100193
"TITAN Xp (0)","_ZN5mxnet2op8mxnet_op20mxnet_generic_kernelINS1_11op_with_reqINS0_10mshadow_op7maximumELi1EEEJPfS7_fEEEviDpT0_",1,"dram_read_transactions","Device Memory Read Transactions",40,40,40
"TITAN Xp (0)","_ZN5mxnet2op8mxnet_op20mxnet_generic_kernelINS1_11op_with_reqINS0_10mshadow_op7maximumELi1EEEJPfS7_fEEEviDpT0_",1,"dram_write_transactions","Device Memory Write Transactions",24,24,24
"TITAN Xp (0)","_ZN5mxnet2op8mxnet_op20mxnet_generic_kernelINS0_3SumEJPfNS_9OpReqTypeES4_S4_S4_EEEviDpT0_",35,"dram_read_transactions","Device Memory Read Transactions",40,30471,12320
"TITAN Xp (0)","_ZN5mxnet2op8mxnet_op20mxnet_generic_kernelINS0_3SumEJPfNS_9OpReqTypeES4_S4_S4_EEEviDpT0_",35,"dram_write_transactions","Device Memory Write Transactions",0,6356,1630
"TITAN Xp (0)","void mshadow::cuda::MapPlanKernel<mshadow::sv::plusto, int=8, mshadow::expr::Plan<mshadow::Tensor<mshadow::gpu, int=2, float>, float>, mshadow::expr::Plan<mshadow::expr::Broadcast1DExp<mshadow::Tensor<mshadow::gpu, int=1, float>, float, int=2, int=1>, float>>(mshadow::gpu, unsigned int, mshadow::Shape<int=2>, int=2)",134,"dram_read_transactions","Device Memory Read Transactions",172,41337,3343
"TITAN Xp (0)","void mshadow::cuda::MapPlanKernel<mshadow::sv::plusto, int=8, mshadow::expr::Plan<mshadow::Tensor<mshadow::gpu, int=2, float>, float>, mshadow::expr::Plan<mshadow::expr::Broadcast1DExp<mshadow::Tensor<mshadow::gpu, int=1, float>, float, int=2, int=1>, float>>(mshadow::gpu, unsigned int, mshadow::Shape<int=2>, int=2)",134,"dram_write_transactions","Device Memory Write Transactions",0,34545,2091
"TITAN Xp (0)","void mshadow::cuda::MapPlanKernel<mshadow::sv::divto, int=8, mshadow::expr::Plan<mshadow::Tensor<mshadow::gpu, int=1, float>, float>, mshadow::expr::Plan<mshadow::expr::ScalarExp<float>, float>>(mshadow::gpu, unsigned int, mshadow::Shape<int=2>, int=1)",36,"dram_read_transactions","Device Memory Read Transactions",0,10264,1125
"TITAN Xp (0)","void mshadow::cuda::MapPlanKernel<mshadow::sv::divto, int=8, mshadow::expr::Plan<mshadow::Tensor<mshadow::gpu, int=1, float>, float>, mshadow::expr::Plan<mshadow::expr::ScalarExp<float>, float>>(mshadow::gpu, unsigned int, mshadow::Shape<int=2>, int=1)",36,"dram_write_transactions","Device Memory Write Transactions",0,4037,341
"TITAN Xp (0)","void mshadow::cuda::SoftmaxGradKernel<int=8, float, mshadow::expr::Plan<mshadow::Tensor<mshadow::gpu, int=2, float>, float>, mshadow::expr::Plan<mshadow::Tensor<mshadow::gpu, int=2, float>, float>, mshadow::expr::Plan<mshadow::Tensor<mshadow::gpu, int=1, float>, float>>(mshadow::gpu, int=2, float, unsigned int, float)",1,"dram_read_transactions","Device Memory Read Transactions",2291686,2291686,2291686
"TITAN Xp (0)","void mshadow::cuda::SoftmaxGradKernel<int=8, float, mshadow::expr::Plan<mshadow::Tensor<mshadow::gpu, int=2, float>, float>, mshadow::expr::Plan<mshadow::Tensor<mshadow::gpu, int=2, float>, float>, mshadow::expr::Plan<mshadow::Tensor<mshadow::gpu, int=1, float>, float>>(mshadow::gpu, int=2, float, unsigned int, float)",1,"dram_write_transactions","Device Memory Write Transactions",3095371,3095371,3095371
"TITAN Xp (0)","_ZN5mxnet2op8mxnet_op20mxnet_generic_kernelINS1_11op_with_reqIN7mshadow2op4plusELi1EEEJPfS8_S8_EEEviDpT0_",1,"dram_read_transactions","Device Memory Read Transactions",40,40,40
"TITAN Xp (0)","_ZN5mxnet2op8mxnet_op20mxnet_generic_kernelINS1_11op_with_reqIN7mshadow2op4plusELi1EEEJPfS8_S8_EEEviDpT0_",1,"dram_write_transactions","Device Memory Write Transactions",8,8,8
"TITAN Xp (0)","_ZN5mxnet2op8mxnet_op20mxnet_generic_kernelINS1_11op_with_reqINS0_10mshadow_op22reciprocal_square_rootELi1EEEJPfS7_EEEviDpT0_",18,"dram_read_transactions","Device Memory Read Transactions",40,704,208
"TITAN Xp (0)","_ZN5mxnet2op8mxnet_op20mxnet_generic_kernelINS1_11op_with_reqINS0_10mshadow_op22reciprocal_square_rootELi1EEEJPfS7_EEEviDpT0_",18,"dram_write_transactions","Device Memory Write Transactions",0,20,4
"TITAN Xp (0)","void mshadow::cuda::MapPlanKernel<mshadow::sv::saveto, int=8, mshadow::expr::Plan<mshadow::Tensor<mshadow::gpu, int=2, float>, float>, mshadow::expr::Plan<mshadow::expr::TypecastExp<float, float, mshadow::expr::BinaryMapExp<mshadow::op::mul, mshadow::expr::BinaryMapExp<mxnet::op::mshadow_op::threshold, mshadow::expr::MakeTensorExp<mshadow::expr::ReshapeExp<mshadow::Tensor<mshadow::gpu, int=1, float>, float, int=2, int=1>, mshadow::Tensor<mshadow::gpu, int=1, float>, int=2, float>, mshadow::expr::ScalarExp<float>, float, int=3>, mshadow::expr::ScalarExp<float>, float, int=3>, int=3>, float>>(mshadow::gpu, unsigned int, mshadow::Shape<int=2>, int=2)",20,"dram_read_transactions","Device Memory Read Transactions",40,98930,13745
"TITAN Xp (0)","void mshadow::cuda::MapPlanKernel<mshadow::sv::saveto, int=8, mshadow::expr::Plan<mshadow::Tensor<mshadow::gpu, int=2, float>, float>, mshadow::expr::Plan<mshadow::expr::TypecastExp<float, float, mshadow::expr::BinaryMapExp<mshadow::op::mul, mshadow::expr::BinaryMapExp<mxnet::op::mshadow_op::threshold, mshadow::expr::MakeTensorExp<mshadow::expr::ReshapeExp<mshadow::Tensor<mshadow::gpu, int=1, float>, float, int=2, int=1>, mshadow::Tensor<mshadow::gpu, int=1, float>, int=2, float>, mshadow::expr::ScalarExp<float>, float, int=3>, mshadow::expr::ScalarExp<float>, float, int=3>, int=3>, float>>(mshadow::gpu, unsigned int, mshadow::Shape<int=2>, int=2)",20,"dram_write_transactions","Device Memory Write Transactions",10845,101915,22484
"TITAN Xp (0)","void mxnet::op::_cuda_fused_lstm_nonlin_block__forward<float>(float const *, float const , float const , mxnet::op::_cuda_fused_lstm_nonlin_block__forward<float>*, float const *, float const *, unsigned int, unsigned int)",58,"dram_read_transactions","Device Memory Read Transactions",20592,90263,36680
"TITAN Xp (0)","void mxnet::op::_cuda_fused_lstm_nonlin_block__forward<float>(float const *, float const , float const , mxnet::op::_cuda_fused_lstm_nonlin_block__forward<float>*, float const *, float const *, unsigned int, unsigned int)",58,"dram_write_transactions","Device Memory Write Transactions",5497,58414,23218
"TITAN Xp (0)","void mxnet::op::_cuda_fused_mlp_att_scoring_func_backward<float>(float const *, mxnet::op::_cuda_fused_mlp_att_scoring_func_backward<float>*, float const , float const *, float const , float const , float const , float const , bool)",18,"dram_read_transactions","Device Memory Read Transactions",513634,613846,521643
"TITAN Xp (0)","void mxnet::op::_cuda_fused_mlp_att_scoring_func_backward<float>(float const *, mxnet::op::_cuda_fused_mlp_att_scoring_func_backward<float>*, float const , float const *, float const , float const , float const , float const , bool)",18,"dram_write_transactions","Device Memory Write Transactions",121794,129814,123062
"TITAN Xp (0)","_ZN5mxnet2op8mxnet_op20mxnet_generic_kernelINS0_4TakeEJPfS4_S4_jjEEEviDpT0_",2,"dram_read_transactions","Device Memory Read Transactions",27798,33932,30865
"TITAN Xp (0)","_ZN5mxnet2op8mxnet_op20mxnet_generic_kernelINS0_4TakeEJPfS4_S4_jjEEEviDpT0_",2,"dram_write_transactions","Device Memory Write Transactions",79843,94917,87380
"TITAN Xp (0)","_ZN5mxnet2op8mxnet_op20mxnet_generic_kernelINS1_11op_with_reqINS0_9unary_bwdINS0_10mshadow_op27reciprocal_square_root_gradEEELi1EEEJPfS9_S9_EEEviDpT0_",18,"dram_read_transactions","Device Memory Read Transactions",58,746,213
"TITAN Xp (0)","_ZN5mxnet2op8mxnet_op20mxnet_generic_kernelINS1_11op_with_reqINS0_9unary_bwdINS0_10mshadow_op27reciprocal_square_root_gradEEELi1EEEJPfS9_S9_EEEviDpT0_",18,"dram_write_transactions","Device Memory Write Transactions",0,14,1
"TITAN Xp (0)","void mshadow::cuda::MapPlanKernel<mshadow::sv::saveto, int=8, mshadow::expr::Plan<mshadow::Tensor<mshadow::gpu, int=1, int>, int>, mshadow::expr::Plan<mshadow::expr::RangeExp<int>, int>>(mshadow::gpu, unsigned int, mshadow::Shape<int=2>, int=1)",2,"dram_read_transactions","Device Memory Read Transactions",47,84,65
"TITAN Xp (0)","void mshadow::cuda::MapPlanKernel<mshadow::sv::saveto, int=8, mshadow::expr::Plan<mshadow::Tensor<mshadow::gpu, int=1, int>, int>, mshadow::expr::Plan<mshadow::expr::RangeExp<int>, int>>(mshadow::gpu, unsigned int, mshadow::Shape<int=2>, int=1)",2,"dram_write_transactions","Device Memory Write Transactions",0,12,6
"TITAN Xp (0)","_ZN5mxnet2op8mxnet_op20mxnet_generic_kernelINS1_11op_with_reqINS0_10mshadow_op8identityELi1EEEJPfS7_EEEviDpT0_",19,"dram_read_transactions","Device Memory Read Transactions",181,754216,110888
"TITAN Xp (0)","_ZN5mxnet2op8mxnet_op20mxnet_generic_kernelINS1_11op_with_reqINS0_10mshadow_op8identityELi1EEEJPfS7_EEEviDpT0_",19,"dram_write_transactions","Device Memory Write Transactions",0,741732,102235
"TITAN Xp (0)","void mxnet::op::broadcast::binary_broadcast_kernel<int=2, float, mshadow::op::minus, int=2>(int, bool, float const *, float const , mxnet::op::broadcast::binary_broadcast_kernel<int=2, float, mshadow::op::minus, int=2>*, mshadow::Shape<int=2>, mshadow::Shape, mshadow::Shape)",36,"dram_read_transactions","Device Memory Read Transactions",0,11165,1450
"TITAN Xp (0)","void mxnet::op::broadcast::binary_broadcast_kernel<int=2, float, mshadow::op::minus, int=2>(int, bool, float const *, float const , mxnet::op::broadcast::binary_broadcast_kernel<int=2, float, mshadow::op::minus, int=2>*, mshadow::Shape<int=2>, mshadow::Shape, mshadow::Shape)",36,"dram_write_transactions","Device Memory Write Transactions",4,4616,1467
"TITAN Xp (0)","void mshadow::cuda::MapPlanKernel<mshadow::sv::saveto, int=8, mshadow::expr::Plan<mshadow::Tensor<mshadow::gpu, int=2, float>, float>, mshadow::expr::Plan<mshadow::expr::ScalarExp<float>, float>>(mshadow::gpu, unsigned int, mshadow::Shape<int=2>, int=2)",2,"dram_read_transactions","Device Memory Read Transactions",131,399,265
"TITAN Xp (0)","void mshadow::cuda::MapPlanKernel<mshadow::sv::saveto, int=8, mshadow::expr::Plan<mshadow::Tensor<mshadow::gpu, int=2, float>, float>, mshadow::expr::Plan<mshadow::expr::ScalarExp<float>, float>>(mshadow::gpu, unsigned int, mshadow::Shape<int=2>, int=2)",2,"dram_write_transactions","Device Memory Write Transactions",481042,1073761,777401
"TITAN Xp (0)","_ZN5mxnet2op8mxnet_op20mxnet_generic_kernelINS1_11op_with_reqINS0_9unary_bwdINS0_10mshadow_op11square_gradEEELi1EEEJPfS9_S9_EEEviDpT0_",18,"dram_read_transactions","Device Memory Read Transactions",10032,20111,10799
"TITAN Xp (0)","_ZN5mxnet2op8mxnet_op20mxnet_generic_kernelINS1_11op_with_reqINS0_9unary_bwdINS0_10mshadow_op11square_gradEEELi1EEEJPfS9_S9_EEEviDpT0_",18,"dram_write_transactions","Device Memory Write Transactions",4,4044,629
"TITAN Xp (0)","void mshadow::cuda::MapRedKeepLowestKernel<mshadow::sv::plusto, mshadow::red::sum, int=5, float, mshadow::expr::Plan<mshadow::Tensor<mshadow::gpu, int=1, float>, float>, mshadow::expr::Plan<mshadow::Tensor<mshadow::gpu, int=2, float>, float>>(mshadow::gpu, int=1, float, mshadow::Shape<int=2>)",127,"dram_read_transactions","Device Memory Read Transactions",7284,49720,23414
"TITAN Xp (0)","void mshadow::cuda::MapRedKeepLowestKernel<mshadow::sv::plusto, mshadow::red::sum, int=5, float, mshadow::expr::Plan<mshadow::Tensor<mshadow::gpu, int=1, float>, float>, mshadow::expr::Plan<mshadow::Tensor<mshadow::gpu, int=2, float>, float>>(mshadow::gpu, int=1, float, mshadow::Shape<int=2>)",127,"dram_write_transactions","Device Memory Write Transactions",6666,50914,38823
"TITAN Xp (0)","_ZN5mxnet2op8mxnet_op20mxnet_generic_kernelINS1_11op_with_reqIN7mshadow2op3mulELi1EEEJPfS8_S8_EEEviDpT0_",1,"dram_read_transactions","Device Memory Read Transactions",312,312,312
"TITAN Xp (0)","_ZN5mxnet2op8mxnet_op20mxnet_generic_kernelINS1_11op_with_reqIN7mshadow2op3mulELi1EEEJPfS8_S8_EEEviDpT0_",1,"dram_write_transactions","Device Memory Write Transactions",0,0,0
"TITAN Xp (0)","void mshadow::cuda::MapPlanKernel<mshadow::sv::saveto, int=8, mshadow::expr::Plan<mshadow::Tensor<mshadow::gpu, int=2, float>, float>, mshadow::expr::Plan<mshadow::expr::BinaryMapExp<mshadow::op::minus, mshadow::Tensor<mshadow::gpu, int=2, float>, mshadow::expr::BinaryMapExp<mshadow::op::div, mshadow::expr::BinaryMapExp<mshadow::op::mul, mshadow::expr::ScalarExp<float>, mshadow::Tensor<mshadow::gpu, int=2, float>, float, int=1>, mshadow::expr::BinaryMapExp<mshadow::op::plus, mshadow::expr::UnaryMapExp<mxnet::op::mshadow_op::square_root, mshadow::Tensor<mshadow::gpu, int=2, float>, float, int=1>, mshadow::expr::ScalarExp<float>, float, int=1>, float, int=1>, float, int=1>, float>>(mshadow::gpu, unsigned int, mshadow::Shape<int=2>, int=2)",6,"dram_read_transactions","Device Memory Read Transactions",144,3248589,1169858
"TITAN Xp (0)","void mshadow::cuda::MapPlanKernel<mshadow::sv::saveto, int=8, mshadow::expr::Plan<mshadow::Tensor<mshadow::gpu, int=2, float>, float>, mshadow::expr::Plan<mshadow::expr::BinaryMapExp<mshadow::op::minus, mshadow::Tensor<mshadow::gpu, int=2, float>, mshadow::expr::BinaryMapExp<mshadow::op::div, mshadow::expr::BinaryMapExp<mshadow::op::mul, mshadow::expr::ScalarExp<float>, mshadow::Tensor<mshadow::gpu, int=2, float>, float, int=1>, mshadow::expr::BinaryMapExp<mshadow::op::plus, mshadow::expr::UnaryMapExp<mxnet::op::mshadow_op::square_root, mshadow::Tensor<mshadow::gpu, int=2, float>, float, int=1>, mshadow::expr::ScalarExp<float>, float, int=1>, float, int=1>, float, int=1>, float>>(mshadow::gpu, unsigned int, mshadow::Shape<int=2>, int=2)",6,"dram_write_transactions","Device Memory Write Transactions",44,1083000,391677
"TITAN Xp (0)","void mxnet::op::broadcast::reduce_kernel<mshadow::red::sum, int=2, float, mxnet::op::mshadow_op::negation, int=2>(int, int, bool, float const *, mxnet::op::broadcast::reduce_kernel<mshadow::red::sum, int=2, float, mxnet::op::mshadow_op::negation, int=2>*, mshadow::Shape<int=2>, mshadow::Shape, mshadow::Shape, mshadow::Shape, int, bool)",36,"dram_read_transactions","Device Memory Read Transactions",0,11276,925
"TITAN Xp (0)","void mxnet::op::broadcast::reduce_kernel<mshadow::red::sum, int=2, float, mxnet::op::mshadow_op::negation, int=2>(int, int, bool, float const *, mxnet::op::broadcast::reduce_kernel<mshadow::red::sum, int=2, float, mxnet::op::mshadow_op::negation, int=2>*, mshadow::Shape<int=2>, mshadow::Shape, mshadow::Shape, mshadow::Shape, int, bool)",36,"dram_write_transactions","Device Memory Write Transactions",100,10296,2284
"TITAN Xp (0)","void mxnet::op::broadcast::reduce_kernel_M1<mshadow::red::sum, int=2, float, mshadow::op::mul, mxnet::op::mshadow_op::right>(int, bool, float const *, float const , float const , mxnet::op::broadcast::reduce_kernel_M1<mshadow::red::sum, int=2, float, mshadow::op::mul, mxnet::op::mshadow_op::right>*, mshadow::Shape<int=2>, mshadow::Shape, mshadow::Shape, mshadow::Shape)",36,"dram_read_transactions","Device Memory Read Transactions",10,12654,557
"TITAN Xp (0)","void mxnet::op::broadcast::reduce_kernel_M1<mshadow::red::sum, int=2, float, mshadow::op::mul, mxnet::op::mshadow_op::right>(int, bool, float const *, float const , float const , mxnet::op::broadcast::reduce_kernel_M1<mshadow::red::sum, int=2, float, mshadow::op::mul, mxnet::op::mshadow_op::right>*, mshadow::Shape<int=2>, mshadow::Shape, mshadow::Shape, mshadow::Shape)",36,"dram_write_transactions","Device Memory Write Transactions",21,6984,2146
"TITAN Xp (0)","maxwell_sgemm_128x64_tn",135,"dram_read_transactions","Device Memory Read Transactions",10154,886700,302384
"TITAN Xp (0)","maxwell_sgemm_128x64_tn",135,"dram_write_transactions","Device Memory Write Transactions",20028,198506,59861
"TITAN Xp (0)","void gemv2N_kernel_val<float, float, float, int=128, int=8, int=4, int=4, int=1, cublasGemvParams<cublasGemvTensorStridedBatched<float const >, cublasGemvTensorStridedBatched<float>, float>>(float, float, float const )",18,"dram_read_transactions","Device Memory Read Transactions",200160,203148,201099
"TITAN Xp (0)","void gemv2N_kernel_val<float, float, float, int=128, int=8, int=4, int=4, int=1, cublasGemvParams<cublasGemvTensorStridedBatched<float const >, cublasGemvTensorStridedBatched<float>, float>>(float, float, float const )",18,"dram_write_transactions","Device Memory Write Transactions",6262,10286,7995
"TITAN Xp (0)","void mxnet::op::_cuda_fused_mlp_att_scoring_func_forward<float>(float const *, float const , mxnet::op::_cuda_fused_mlp_att_scoring_func_forward<float>*, float const *, float const *, bool)",36,"dram_read_transactions","Device Memory Read Transactions",104895,167683,110128
"TITAN Xp (0)","void mxnet::op::_cuda_fused_mlp_att_scoring_func_forward<float>(float const *, float const , mxnet::op::_cuda_fused_mlp_att_scoring_func_forward<float>*, float const *, float const *, bool)",36,"dram_write_transactions","Device Memory Write Transactions",59357,300923,186072
"TITAN Xp (0)","void mshadow::cuda::MapPlanLargeKernel<mshadow::sv::plusto, int=8, int=1024, mshadow::expr::Plan<mshadow::Tensor<mshadow::gpu, int=2, float>, float>, mshadow::expr::Plan<mshadow::expr::Broadcast1DExp<mshadow::Tensor<mshadow::gpu, int=1, float>, float, int=2, int=1>, float>>(mshadow::gpu, unsigned int, mshadow::Shape<int=2>, int=2, int)",1,"dram_read_transactions","Device Memory Read Transactions",3100920,3100920,3100920
"TITAN Xp (0)","void mshadow::cuda::MapPlanLargeKernel<mshadow::sv::plusto, int=8, int=1024, mshadow::expr::Plan<mshadow::Tensor<mshadow::gpu, int=2, float>, float>, mshadow::expr::Plan<mshadow::expr::Broadcast1DExp<mshadow::Tensor<mshadow::gpu, int=1, float>, float, int=2, int=1>, float>>(mshadow::gpu, unsigned int, mshadow::Shape<int=2>, int=2, int)",1,"dram_write_transactions","Device Memory Write Transactions",3088213,3088213,3088213
"TITAN Xp (0)","void mshadow::cuda::SoftmaxKernel<int=8, float, mshadow::expr::Plan<mshadow::Tensor<mshadow::gpu, int=2, float>, float>, mshadow::expr::Plan<mshadow::Tensor<mshadow::gpu, int=2, float>, float>>(mshadow::gpu, int=2, unsigned int)",1,"dram_read_transactions","Device Memory Read Transactions",9332396,9332396,9332396
"TITAN Xp (0)","void mshadow::cuda::SoftmaxKernel<int=8, float, mshadow::expr::Plan<mshadow::Tensor<mshadow::gpu, int=2, float>, float>, mshadow::expr::Plan<mshadow::Tensor<mshadow::gpu, int=2, float>, float>>(mshadow::gpu, int=2, unsigned int)",1,"dram_write_transactions","Device Memory Write Transactions",6292787,6292787,6292787
"TITAN Xp (0)","_ZN5mxnet2op8mxnet_op20mxnet_generic_kernelINS1_11op_with_reqIN7mshadow2op4plusELi1EEEJPfS8_fEEEviDpT0_",18,"dram_read_transactions","Device Memory Read Transactions",24,3028,335
"TITAN Xp (0)","_ZN5mxnet2op8mxnet_op20mxnet_generic_kernelINS1_11op_with_reqIN7mshadow2op4plusELi1EEEJPfS8_fEEEviDpT0_",18,"dram_write_transactions","Device Memory Write Transactions",0,28,2
"TITAN Xp (0)","void mxnet::op::AddTakeGradLargeBatchKernel<int=4, float, int>(float*, int const *, int const *, int const , int const , mxnet::op::AddTakeGradLargeBatchKernel<int=4, float, int> const *, int, int)",2,"dram_read_transactions","Device Memory Read Transactions",122140,134521,128330
"TITAN Xp (0)","void mxnet::op::AddTakeGradLargeBatchKernel<int=4, float, int>(float*, int const *, int const *, int const , int const , mxnet::op::AddTakeGradLargeBatchKernel<int=4, float, int> const *, int, int)",2,"dram_write_transactions","Device Memory Write Transactions",50050,54370,52210
"TITAN Xp (0)","void gemv2N_kernel_val<float, float, float, int=128, int=8, int=4, int=4, int=1, cublasGemvParams<cublasGemvTensor<float const >, cublasGemvTensor<float>, float>>(float, float, float const )",18,"dram_read_transactions","Device Memory Read Transactions",79104,102918,80953
"TITAN Xp (0)","void gemv2N_kernel_val<float, float, float, int=128, int=8, int=4, int=4, int=1, cublasGemvParams<cublasGemvTensor<float const >, cublasGemvTensor<float>, float>>(float, float, float const )",18,"dram_write_transactions","Device Memory Write Transactions",92,448,120
"TITAN Xp (0)","sgemm_32x32x32_NN_vec",131,"dram_read_transactions","Device Memory Read Transactions",101675,964071,304654
"TITAN Xp (0)","sgemm_32x32x32_NN_vec",131,"dram_write_transactions","Device Memory Write Transactions",18765,48432,26241
"TITAN Xp (0)","void mxnet::op::broadcast::reduce_kernel_M1<mshadow::red::sum, int=2, float, mxnet::op::mshadow_op::identity>(int, bool, float const *, mxnet::op::broadcast::reduce_kernel_M1<mshadow::red::sum, int=2, float, mxnet::op::mshadow_op::identity>*, mshadow::Shape<int=2>, mshadow::Shape)",54,"dram_read_transactions","Device Memory Read Transactions",0,10287,1844
"TITAN Xp (0)","void mxnet::op::broadcast::reduce_kernel_M1<mshadow::red::sum, int=2, float, mxnet::op::mshadow_op::identity>(int, bool, float const *, mxnet::op::broadcast::reduce_kernel_M1<mshadow::red::sum, int=2, float, mxnet::op::mshadow_op::identity>*, mshadow::Shape<int=2>, mshadow::Shape)",54,"dram_write_transactions","Device Memory Write Transactions",0,6002,1042
"TITAN Xp (0)","void mshadow::cuda::MapPlanLargeKernel<mshadow::sv::saveto, int=8, int=1024, mshadow::expr::Plan<mshadow::Tensor<mshadow::gpu, int=2, float>, float>, mshadow::expr::Plan<mshadow::expr::BinaryMapExp<mshadow::op::minus, mshadow::Tensor<mshadow::gpu, int=2, float>, mshadow::expr::BinaryMapExp<mshadow::op::div, mshadow::expr::BinaryMapExp<mshadow::op::mul, mshadow::expr::ScalarExp<float>, mshadow::Tensor<mshadow::gpu, int=2, float>, float, int=1>, mshadow::expr::BinaryMapExp<mshadow::op::plus, mshadow::expr::UnaryMapExp<mxnet::op::mshadow_op::square_root, mshadow::Tensor<mshadow::gpu, int=2, float>, float, int=1>, mshadow::expr::ScalarExp<float>, float, int=1>, float, int=1>, float, int=1>, float>>(mshadow::gpu, unsigned int, mshadow::Shape<int=2>, int=2, int)",1,"dram_read_transactions","Device Memory Read Transactions",6447197,6447197,6447197
"TITAN Xp (0)","void mshadow::cuda::MapPlanLargeKernel<mshadow::sv::saveto, int=8, int=1024, mshadow::expr::Plan<mshadow::Tensor<mshadow::gpu, int=2, float>, float>, mshadow::expr::Plan<mshadow::expr::BinaryMapExp<mshadow::op::minus, mshadow::Tensor<mshadow::gpu, int=2, float>, mshadow::expr::BinaryMapExp<mshadow::op::div, mshadow::expr::BinaryMapExp<mshadow::op::mul, mshadow::expr::ScalarExp<float>, mshadow::Tensor<mshadow::gpu, int=2, float>, float, int=1>, mshadow::expr::BinaryMapExp<mshadow::op::plus, mshadow::expr::UnaryMapExp<mxnet::op::mshadow_op::square_root, mshadow::Tensor<mshadow::gpu, int=2, float>, float, int=1>, mshadow::expr::ScalarExp<float>, float, int=1>, float, int=1>, float, int=1>, float>>(mshadow::gpu, unsigned int, mshadow::Shape<int=2>, int=2, int)",1,"dram_write_transactions","Device Memory Write Transactions",2158337,2158337,2158337
"TITAN Xp (0)","void mshadow::cuda::MapPlanKernel<mshadow::sv::saveto, int=8, mshadow::expr::Plan<mshadow::Tensor<mshadow::gpu, int=5, float>, float>, mshadow::expr::Plan<mshadow::expr::SwapAxisExp<mshadow::Tensor<mshadow::gpu, int=5, float>, float, int=5, int=2, int=1>, float>>(mshadow::gpu, unsigned int, mshadow::Shape<int=2>, int=5)",76,"dram_read_transactions","Device Memory Read Transactions",0,200988,7747
"TITAN Xp (0)","void mshadow::cuda::MapPlanKernel<mshadow::sv::saveto, int=8, mshadow::expr::Plan<mshadow::Tensor<mshadow::gpu, int=5, float>, float>, mshadow::expr::Plan<mshadow::expr::SwapAxisExp<mshadow::Tensor<mshadow::gpu, int=5, float>, float, int=5, int=2, int=1>, float>>(mshadow::gpu, unsigned int, mshadow::Shape<int=2>, int=5)",76,"dram_write_transactions","Device Memory Write Transactions",0,198658,7609
"TITAN Xp (0)","void mshadow::cuda::MapPlanLargeKernel<mshadow::sv::multo, int=8, int=1024, mshadow::expr::Plan<mshadow::Tensor<mshadow::gpu, int=2, float>, float>, mshadow::expr::Plan<mshadow::expr::ScalarExp<float>, float>>(mshadow::gpu, unsigned int, mshadow::Shape<int=2>, int=2, int)",1,"dram_read_transactions","Device Memory Read Transactions",3101047,3101047,3101047
"TITAN Xp (0)","void mshadow::cuda::MapPlanLargeKernel<mshadow::sv::multo, int=8, int=1024, mshadow::expr::Plan<mshadow::Tensor<mshadow::gpu, int=2, float>, float>, mshadow::expr::Plan<mshadow::expr::ScalarExp<float>, float>>(mshadow::gpu, unsigned int, mshadow::Shape<int=2>, int=2, int)",1,"dram_write_transactions","Device Memory Write Transactions",3090350,3090350,3090350
"TITAN Xp (0)","void mxnet::op::_cuda_fused_lstm_nonlin_block_backward<float>(float*, float, mxnet::op::_cuda_fused_lstm_nonlin_block_backward<float> const *, float, mxnet::op::_cuda_fused_lstm_nonlin_block_backward<float> const , mxnet::op::_cuda_fused_lstm_nonlin_block_backward<float> const , mxnet::op::_cuda_fused_lstm_nonlin_block_backward<float> const , unsigned int, unsigned int)",58,"dram_read_transactions","Device Memory Read Transactions",25080,63448,40048
"TITAN Xp (0)","void mxnet::op::_cuda_fused_lstm_nonlin_block_backward<float>(float*, float, mxnet::op::_cuda_fused_lstm_nonlin_block_backward<float> const *, float, mxnet::op::_cuda_fused_lstm_nonlin_block_backward<float> const , mxnet::op::_cuda_fused_lstm_nonlin_block_backward<float> const , mxnet::op::_cuda_fused_lstm_nonlin_block_backward<float> const , unsigned int, unsigned int)",58,"dram_write_transactions","Device Memory Write Transactions",6479,89757,33098
"TITAN Xp (0)","sgemm_128x128x8_NN_vec",2,"dram_read_transactions","Device Memory Read Transactions",559695,11375390,5967542
"TITAN Xp (0)","sgemm_128x128x8_NN_vec",2,"dram_write_transactions","Device Memory Write Transactions",177672,201749,189710
"TITAN Xp (0)","sgemm_32x32x32_NT_vec",54,"dram_read_transactions","Device Memory Read Transactions",66838,329512,155697
"TITAN Xp (0)","sgemm_32x32x32_NT_vec",54,"dram_write_transactions","Device Memory Write Transactions",17625,43225,32853
"TITAN Xp (0)","void cudnn::detail::activation_bw_4d_kernel<float, float, int=128, int=1, int=4, cudnn::detail::tanh_func<float>>(cudnnTensorStruct, float const *, float const , cudnn::detail::activation_bw_4d_kernel<float, float, int=128, int=1, int=4, cudnn::detail::tanh_func<float>>, float const , cudnnTensorStruct*, float, cudnnTensorStruct*, int, cudnnTensorStruct*)",18,"dram_read_transactions","Device Memory Read Transactions",10127,10869,10319
"TITAN Xp (0)","void cudnn::detail::activation_bw_4d_kernel<float, float, int=128, int=1, int=4, cudnn::detail::tanh_func<float>>(cudnnTensorStruct, float const *, float const , cudnn::detail::activation_bw_4d_kernel<float, float, int=128, int=1, int=4, cudnn::detail::tanh_func<float>>, float const , cudnnTensorStruct*, float, cudnnTensorStruct*, int, cudnnTensorStruct*)",18,"dram_write_transactions","Device Memory Write Transactions",0,5782,789
"TITAN Xp (0)","void mshadow::cuda::MapPlanLargeKernel<mshadow::sv::saveto, int=8, int=1024, mshadow::expr::Plan<mshadow::Tensor<mshadow::gpu, int=2, float>, float>, mshadow::expr::Plan<mshadow::expr::BinaryMapExp<mshadow::op::plus, mshadow::expr::BinaryMapExp<mshadow::op::mul, mshadow::expr::ScalarExp<float>, mshadow::Tensor<mshadow::gpu, int=2, float>, float, int=1>, mshadow::expr::BinaryMapExp<mshadow::op::mul, mshadow::expr::ScalarExp<float>, mshadow::expr::UnaryMapExp<mxnet::op::mshadow_op::square, mshadow::expr::BinaryMapExp<mxnet::op::mshadow_op::clip, mshadow::Tensor<mshadow::gpu, int=2, float>, mshadow::expr::ScalarExp<float>, float, int=1>, float, int=1>, float, int=1>, float, int=1>, float>>(mshadow::gpu, unsigned int, mshadow::Shape<int=2>, int=2, int)",1,"dram_read_transactions","Device Memory Read Transactions",4327998,4327998,4327998
"TITAN Xp (0)","void mshadow::cuda::MapPlanLargeKernel<mshadow::sv::saveto, int=8, int=1024, mshadow::expr::Plan<mshadow::Tensor<mshadow::gpu, int=2, float>, float>, mshadow::expr::Plan<mshadow::expr::BinaryMapExp<mshadow::op::plus, mshadow::expr::BinaryMapExp<mshadow::op::mul, mshadow::expr::ScalarExp<float>, mshadow::Tensor<mshadow::gpu, int=2, float>, float, int=1>, mshadow::expr::BinaryMapExp<mshadow::op::mul, mshadow::expr::ScalarExp<float>, mshadow::expr::UnaryMapExp<mxnet::op::mshadow_op::square, mshadow::expr::BinaryMapExp<mxnet::op::mshadow_op::clip, mshadow::Tensor<mshadow::gpu, int=2, float>, mshadow::expr::ScalarExp<float>, float, int=1>, float, int=1>, float, int=1>, float, int=1>, float>>(mshadow::gpu, unsigned int, mshadow::Shape<int=2>, int=2, int)",1,"dram_write_transactions","Device Memory Write Transactions",2148120,2148120,2148120
"TITAN Xp (0)","void mxnet::op::mxnet_op::SequenceMaskKernel<int=8, float, float>(mshadow::Tensor<mxnet::op::mxnet_op::SequenceMaskKernel<int=8, float, float>::gpu, int=3, float>, mshadow<mshadow::Tensor, int=1, float>, mxnet::op::mxnet_op::SequenceMaskKernel<int=8, float, float>::gpu)",36,"dram_read_transactions","Device Memory Read Transactions",74,1014,268
"TITAN Xp (0)","void mxnet::op::mxnet_op::SequenceMaskKernel<int=8, float, float>(mshadow::Tensor<mxnet::op::mxnet_op::SequenceMaskKernel<int=8, float, float>::gpu, int=3, float>, mshadow<mshadow::Tensor, int=1, float>, mxnet::op::mxnet_op::SequenceMaskKernel<int=8, float, float>::gpu)",36,"dram_write_transactions","Device Memory Write Transactions",0,120,24
"TITAN Xp (0)","void mxnet::op::mxnet_op::softmax_compute_kernel<int=7, mxnet::op::mxnet_op::softmax_fwd, float, int=2>(float*, float, unsigned int, int, mshadow::Shape<int=2>, mshadow::Shape)",18,"dram_read_transactions","Device Memory Read Transactions",346,1596,689
"TITAN Xp (0)","void mxnet::op::mxnet_op::softmax_compute_kernel<int=7, mxnet::op::mxnet_op::softmax_fwd, float, int=2>(float*, float, unsigned int, int, mshadow::Shape<int=2>, mshadow::Shape)",18,"dram_write_transactions","Device Memory Write Transactions",1332,4713,2510
"TITAN Xp (0)","void mxnet::op::broadcast::binary_broadcast_kernel<int=2, float, mshadow::op::plus, int=2>(int, bool, float const *, float const , mxnet::op::broadcast::binary_broadcast_kernel<int=2, float, mshadow::op::plus, int=2>*, mshadow::Shape<int=2>, mshadow::Shape, mshadow::Shape)",18,"dram_read_transactions","Device Memory Read Transactions",205,605,301
"TITAN Xp (0)","void mxnet::op::broadcast::binary_broadcast_kernel<int=2, float, mshadow::op::plus, int=2>(int, bool, float const *, float const , mxnet::op::broadcast::binary_broadcast_kernel<int=2, float, mshadow::op::plus, int=2>*, mshadow::Shape<int=2>, mshadow::Shape, mshadow::Shape)",18,"dram_write_transactions","Device Memory Write Transactions",0,63,8
"TITAN Xp (0)","sgemm_128x128x8_NT_vec",1,"dram_read_transactions","Device Memory Read Transactions",16828712,16828712,16828712
"TITAN Xp (0)","sgemm_128x128x8_NT_vec",1,"dram_write_transactions","Device Memory Write Transactions",3098174,3098174,3098174
"TITAN Xp (0)","void mshadow::cuda::MapPlanKernel<mshadow::sv::saveto, int=8, mshadow::expr::Plan<mshadow::Tensor<mshadow::gpu, int=2, float>, float>, mshadow::expr::Plan<mshadow::expr::BinaryMapExp<mshadow::op::plus, mshadow::expr::BinaryMapExp<mshadow::op::mul, mshadow::expr::ScalarExp<float>, mshadow::Tensor<mshadow::gpu, int=2, float>, float, int=1>, mshadow::expr::BinaryMapExp<mshadow::op::mul, mshadow::expr::ScalarExp<float>, mshadow::Tensor<mshadow::gpu, int=2, float>, float, int=1>, float, int=1>, float>>(mshadow::gpu, unsigned int, mshadow::Shape<int=2>, int=2)",7,"dram_read_transactions","Device Memory Read Transactions",340,2155500,666750
"TITAN Xp (0)","void mshadow::cuda::MapPlanKernel<mshadow::sv::saveto, int=8, mshadow::expr::Plan<mshadow::Tensor<mshadow::gpu, int=2, float>, float>, mshadow::expr::Plan<mshadow::expr::BinaryMapExp<mshadow::op::plus, mshadow::expr::BinaryMapExp<mshadow::op::mul, mshadow::expr::ScalarExp<float>, mshadow::Tensor<mshadow::gpu, int=2, float>, float, int=1>, mshadow::expr::BinaryMapExp<mshadow::op::mul, mshadow::expr::ScalarExp<float>, mshadow::Tensor<mshadow::gpu, int=2, float>, float, int=1>, float, int=1>, float>>(mshadow::gpu, unsigned int, mshadow::Shape<int=2>, int=2)",7,"dram_write_transactions","Device Memory Write Transactions",12,1051493,327323
"TITAN Xp (0)","void mshadow::cuda::MapPlanKernel<mshadow::sv::saveto, int=8, mshadow::expr::Plan<mshadow::Tensor<mshadow::gpu, int=1, float>, float>, mshadow::expr::Plan<mshadow::expr::ScalarExp<float>, float>>(mshadow::gpu, unsigned int, mshadow::Shape<int=2>, int=1)",9,"dram_read_transactions","Device Memory Read Transactions",32,300,100
"TITAN Xp (0)","void mshadow::cuda::MapPlanKernel<mshadow::sv::saveto, int=8, mshadow::expr::Plan<mshadow::Tensor<mshadow::gpu, int=1, float>, float>, mshadow::expr::Plan<mshadow::expr::ScalarExp<float>, float>>(mshadow::gpu, unsigned int, mshadow::Shape<int=2>, int=1)",9,"dram_write_transactions","Device Memory Write Transactions",0,2140,621
"TITAN Xp (0)","void mshadow::cuda::MapRedKeepLowestKernel<mshadow::sv::saveto, mshadow::red::sum, int=5, float, mshadow::expr::Plan<mshadow::Tensor<mshadow::gpu, int=1, float>, float>, mshadow::expr::Plan<mshadow::Tensor<mshadow::gpu, int=2, float>, float>>(mshadow::gpu, int=1, float, mshadow::Shape<int=2>)",8,"dram_read_transactions","Device Memory Read Transactions",7165,3118219,409716
"TITAN Xp (0)","void mshadow::cuda::MapRedKeepLowestKernel<mshadow::sv::saveto, mshadow::red::sum, int=5, float, mshadow::expr::Plan<mshadow::Tensor<mshadow::gpu, int=1, float>, float>, mshadow::expr::Plan<mshadow::Tensor<mshadow::gpu, int=2, float>, float>>(mshadow::gpu, int=1, float, mshadow::Shape<int=2>)",8,"dram_write_transactions","Device Memory Write Transactions",18009,165155,54480
"TITAN Xp (0)","void mxnet::op::broadcast::reduce_kernel<mshadow::red::sum, int=2, float, mshadow::op::mul, mxnet::op::mshadow_op::left, int=2>(int, int, bool, float const *, float const , float const , mxnet::op::broadcast::reduce_kernel<mshadow::red::sum, int=2, float, mshadow::op::mul, mxnet::op::mshadow_op::left, int=2>*, mshadow::Shape<int=2>, mshadow::Shape, mshadow::Shape, mshadow::Shape, mshadow::Shape, mshadow::Shape, mshadow::Shape, mshadow::Shape, mshadow::Shape, mshadow::Shape, int, bool)",36,"dram_read_transactions","Device Memory Read Transactions",10000,12535,10822
"TITAN Xp (0)","void mxnet::op::broadcast::reduce_kernel<mshadow::red::sum, int=2, float, mshadow::op::mul, mxnet::op::mshadow_op::left, int=2>(int, int, bool, float const *, float const , float const , mxnet::op::broadcast::reduce_kernel<mshadow::red::sum, int=2, float, mshadow::op::mul, mxnet::op::mshadow_op::left, int=2>*, mshadow::Shape<int=2>, mshadow::Shape, mshadow::Shape, mshadow::Shape, mshadow::Shape, mshadow::Shape, mshadow::Shape, mshadow::Shape, mshadow::Shape, mshadow::Shape, int, bool)",36,"dram_write_transactions","Device Memory Write Transactions",146,15617,6015
"TITAN Xp (0)","void cub::DeviceRadixSortSingleTileKernel<cub::DeviceRadixSortPolicy<int, int, int>::Policy620, bool=0, int, int, int>(int const *, cub::DeviceRadixSortSingleTileKernel<cub::DeviceRadixSortPolicy<int, int, int>::Policy620, bool=0, int, int, int>*, cub::DeviceRadixSortPolicy<int, int, int>::Policy620 const *, cub::DeviceRadixSortSingleTileKernel<cub::DeviceRadixSortPolicy<int, int, int>::Policy620, bool=0, int, int, int>**, bool=0, int, int)",2,"dram_read_transactions","Device Memory Read Transactions",596,1955,1275
"TITAN Xp (0)","void cub::DeviceRadixSortSingleTileKernel<cub::DeviceRadixSortPolicy<int, int, int>::Policy620, bool=0, int, int, int>(int const *, cub::DeviceRadixSortSingleTileKernel<cub::DeviceRadixSortPolicy<int, int, int>::Policy620, bool=0, int, int, int>*, cub::DeviceRadixSortPolicy<int, int, int>::Policy620 const *, cub::DeviceRadixSortSingleTileKernel<cub::DeviceRadixSortPolicy<int, int, int>::Policy620, bool=0, int, int, int>**, bool=0, int, int)",2,"dram_write_transactions","Device Memory Write Transactions",8,72,40
"TITAN Xp (0)","void mxnet::op::broadcast::binary_broadcast_kernel<int=2, float, mshadow::op::mul, int=2>(int, bool, float const *, float const , mxnet::op::broadcast::binary_broadcast_kernel<int=2, float, mshadow::op::mul, int=2>*, mshadow::Shape<int=2>, mshadow::Shape, mshadow::Shape)",36,"dram_read_transactions","Device Memory Read Transactions",88,16092,1948
"TITAN Xp (0)","void mxnet::op::broadcast::binary_broadcast_kernel<int=2, float, mshadow::op::mul, int=2>(int, bool, float const *, float const , mxnet::op::broadcast::binary_broadcast_kernel<int=2, float, mshadow::op::mul, int=2>*, mshadow::Shape<int=2>, mshadow::Shape, mshadow::Shape)",36,"dram_write_transactions","Device Memory Write Transactions",12,4873,2243
"TITAN Xp (0)","void mshadow::cuda::MapPlanKernel<mshadow::sv::saveto, int=8, mshadow::expr::Plan<mshadow::expr::SliceExp<mshadow::Tensor<mshadow::gpu, int=3, float>, mshadow::gpu, float, int=3, int=2>, float>, mshadow::expr::Plan<mshadow::Tensor<mshadow::gpu, int=3, float>, float>>(mshadow::gpu, unsigned int, mshadow::Shape<int=2>, int=3)",226,"dram_read_transactions","Device Memory Read Transactions",0,100538,6046
"TITAN Xp (0)","void mshadow::cuda::MapPlanKernel<mshadow::sv::saveto, int=8, mshadow::expr::Plan<mshadow::expr::SliceExp<mshadow::Tensor<mshadow::gpu, int=3, float>, mshadow::gpu, float, int=3, int=2>, float>, mshadow::expr::Plan<mshadow::Tensor<mshadow::gpu, int=3, float>, float>>(mshadow::gpu, unsigned int, mshadow::Shape<int=2>, int=3)",226,"dram_write_transactions","Device Memory Write Transactions",0,103130,5459
"TITAN Xp (0)","_ZN5mxnet2op8mxnet_op20mxnet_generic_kernelINS1_11op_with_reqINS0_10mshadow_op2eqELi1EEEJPfS7_fEEEviDpT0_",1,"dram_read_transactions","Device Memory Read Transactions",688,688,688
"TITAN Xp (0)","_ZN5mxnet2op8mxnet_op20mxnet_generic_kernelINS1_11op_with_reqINS0_10mshadow_op2eqELi1EEEJPfS7_fEEEviDpT0_",1,"dram_write_transactions","Device Memory Write Transactions",29,29,29
"TITAN Xp (0)","void mshadow::cuda::MapPlanLargeKernel<mshadow::sv::saveto, int=8, int=1024, mshadow::expr::Plan<mshadow::Tensor<mshadow::gpu, int=2, float>, float>, mshadow::expr::Plan<mshadow::expr::BinaryMapExp<mshadow::op::plus, mshadow::expr::BinaryMapExp<mshadow::op::mul, mshadow::expr::ScalarExp<float>, mshadow::Tensor<mshadow::gpu, int=2, float>, float, int=1>, mshadow::expr::BinaryMapExp<mshadow::op::mul, mshadow::expr::ScalarExp<float>, mshadow::expr::BinaryMapExp<mxnet::op::mshadow_op::clip, mshadow::Tensor<mshadow::gpu, int=2, float>, mshadow::expr::ScalarExp<float>, float, int=1>, float, int=1>, float, int=1>, float>>(mshadow::gpu, unsigned int, mshadow::Shape<int=2>, int=2, int)",1,"dram_read_transactions","Device Memory Read Transactions",4314246,4314246,4314246
"TITAN Xp (0)","void mshadow::cuda::MapPlanLargeKernel<mshadow::sv::saveto, int=8, int=1024, mshadow::expr::Plan<mshadow::Tensor<mshadow::gpu, int=2, float>, float>, mshadow::expr::Plan<mshadow::expr::BinaryMapExp<mshadow::op::plus, mshadow::expr::BinaryMapExp<mshadow::op::mul, mshadow::expr::ScalarExp<float>, mshadow::Tensor<mshadow::gpu, int=2, float>, float, int=1>, mshadow::expr::BinaryMapExp<mshadow::op::mul, mshadow::expr::ScalarExp<float>, mshadow::expr::BinaryMapExp<mxnet::op::mshadow_op::clip, mshadow::Tensor<mshadow::gpu, int=2, float>, mshadow::expr::ScalarExp<float>, float, int=1>, float, int=1>, float, int=1>, float>>(mshadow::gpu, unsigned int, mshadow::Shape<int=2>, int=2, int)",1,"dram_write_transactions","Device Memory Write Transactions",2149650,2149650,2149650
"TITAN Xp (0)","void mshadow::cuda::MapPlanLargeKernel<mshadow::sv::saveto, int=8, int=1024, mshadow::expr::Plan<mshadow::Tensor<mshadow::gpu, int=2, float>, float>, mshadow::expr::Plan<mshadow::expr::BinaryMapExp<mshadow::op::plus, mshadow::expr::BinaryMapExp<mshadow::op::mul, mshadow::expr::ScalarExp<float>, mshadow::Tensor<mshadow::gpu, int=2, float>, float, int=1>, mshadow::expr::BinaryMapExp<mshadow::op::mul, mshadow::expr::ScalarExp<float>, mshadow::Tensor<mshadow::gpu, int=2, float>, float, int=1>, float, int=1>, float>>(mshadow::gpu, unsigned int, mshadow::Shape<int=2>, int=2, int)",1,"dram_read_transactions","Device Memory Read Transactions",4307956,4307956,4307956
"TITAN Xp (0)","void mshadow::cuda::MapPlanLargeKernel<mshadow::sv::saveto, int=8, int=1024, mshadow::expr::Plan<mshadow::Tensor<mshadow::gpu, int=2, float>, float>, mshadow::expr::Plan<mshadow::expr::BinaryMapExp<mshadow::op::plus, mshadow::expr::BinaryMapExp<mshadow::op::mul, mshadow::expr::ScalarExp<float>, mshadow::Tensor<mshadow::gpu, int=2, float>, float, int=1>, mshadow::expr::BinaryMapExp<mshadow::op::mul, mshadow::expr::ScalarExp<float>, mshadow::Tensor<mshadow::gpu, int=2, float>, float, int=1>, float, int=1>, float>>(mshadow::gpu, unsigned int, mshadow::Shape<int=2>, int=2, int)",1,"dram_write_transactions","Device Memory Write Transactions",2149542,2149542,2149542
"TITAN Xp (0)","void mshadow::cuda::MapPlanKernel<mshadow::sv::saveto, int=8, mshadow::expr::Plan<mshadow::Tensor<mshadow::gpu, int=1, int>, int>, mshadow::expr::Plan<mshadow::expr::TypecastExp<int, float, mshadow::Tensor<mshadow::gpu, int=1, float>, int=1>, int>>(mshadow::gpu, unsigned int, mshadow::Shape<int=2>, int=1)",1,"dram_read_transactions","Device Memory Read Transactions",219,219,219
"TITAN Xp (0)","void mshadow::cuda::MapPlanKernel<mshadow::sv::saveto, int=8, mshadow::expr::Plan<mshadow::Tensor<mshadow::gpu, int=1, int>, int>, mshadow::expr::Plan<mshadow::expr::TypecastExp<int, float, mshadow::Tensor<mshadow::gpu, int=1, float>, int=1>, int>>(mshadow::gpu, unsigned int, mshadow::Shape<int=2>, int=1)",1,"dram_write_transactions","Device Memory Write Transactions",39,39,39
"TITAN Xp (0)","void mshadow::cuda::MapPlanKernel<mshadow::sv::saveto, int=8, mshadow::expr::Plan<mshadow::Tensor<mshadow::gpu, int=2, float>, float>, mshadow::expr::Plan<mshadow::expr::BinaryMapExp<mshadow::op::plus, mshadow::expr::BinaryMapExp<mshadow::op::mul, mshadow::expr::ScalarExp<float>, mshadow::Tensor<mshadow::gpu, int=2, float>, float, int=1>, mshadow::expr::BinaryMapExp<mshadow::op::mul, mshadow::expr::ScalarExp<float>, mshadow::expr::BinaryMapExp<mxnet::op::mshadow_op::clip, mshadow::Tensor<mshadow::gpu, int=2, float>, mshadow::expr::ScalarExp<float>, float, int=1>, float, int=1>, float, int=1>, float>>(mshadow::gpu, unsigned int, mshadow::Shape<int=2>, int=2)",7,"dram_read_transactions","Device Memory Read Transactions",181,2155194,666833
"TITAN Xp (0)","void mshadow::cuda::MapPlanKernel<mshadow::sv::saveto, int=8, mshadow::expr::Plan<mshadow::Tensor<mshadow::gpu, int=2, float>, float>, mshadow::expr::Plan<mshadow::expr::BinaryMapExp<mshadow::op::plus, mshadow::expr::BinaryMapExp<mshadow::op::mul, mshadow::expr::ScalarExp<float>, mshadow::Tensor<mshadow::gpu, int=2, float>, float, int=1>, mshadow::expr::BinaryMapExp<mshadow::op::mul, mshadow::expr::ScalarExp<float>, mshadow::expr::BinaryMapExp<mxnet::op::mshadow_op::clip, mshadow::Tensor<mshadow::gpu, int=2, float>, mshadow::expr::ScalarExp<float>, float, int=1>, float, int=1>, float, int=1>, float>>(mshadow::gpu, unsigned int, mshadow::Shape<int=2>, int=2)",7,"dram_write_transactions","Device Memory Write Transactions",0,1073906,330570
"TITAN Xp (0)","void mshadow::cuda::MapPlanKernel<mshadow::sv::saveto, int=8, mshadow::expr::Plan<mshadow::Tensor<mshadow::gpu, int=2, float>, float>, mshadow::expr::Plan<mshadow::expr::BroadcastWithMultiAxesExp<mshadow::Tensor<mshadow::gpu, int=2, float>, float, int=2>, float>>(mshadow::gpu, unsigned int, mshadow::Shape<int=2>, int=2)",39,"dram_read_transactions","Device Memory Read Transactions",0,686,199
"TITAN Xp (0)","void mshadow::cuda::MapPlanKernel<mshadow::sv::saveto, int=8, mshadow::expr::Plan<mshadow::Tensor<mshadow::gpu, int=2, float>, float>, mshadow::expr::Plan<mshadow::expr::BroadcastWithMultiAxesExp<mshadow::Tensor<mshadow::gpu, int=2, float>, float, int=2>, float>>(mshadow::gpu, unsigned int, mshadow::Shape<int=2>, int=2)",39,"dram_write_transactions","Device Memory Write Transactions",3733,8617,7647
"TITAN Xp (0)","void mshadow::cuda::MapPlanKernel<mshadow::sv::saveto, int=8, mshadow::expr::Plan<mshadow::Tensor<mshadow::gpu, int=3, float>, float>, mshadow::expr::Plan<mshadow::expr::UnaryMapExp<mxnet::op::mshadow_op::identity, mshadow::Tensor<mshadow::gpu, int=3, float>, float, int=1>, float>>(mshadow::gpu, unsigned int, mshadow::Shape<int=2>, int=3)",36,"dram_read_transactions","Device Memory Read Transactions",32,751,158
"TITAN Xp (0)","void mshadow::cuda::MapPlanKernel<mshadow::sv::saveto, int=8, mshadow::expr::Plan<mshadow::Tensor<mshadow::gpu, int=3, float>, float>, mshadow::expr::Plan<mshadow::expr::UnaryMapExp<mxnet::op::mshadow_op::identity, mshadow::Tensor<mshadow::gpu, int=3, float>, float, int=1>, float>>(mshadow::gpu, unsigned int, mshadow::Shape<int=2>, int=3)",36,"dram_write_transactions","Device Memory Write Transactions",0,28,7
"TITAN Xp (0)","_ZN5mxnet2op8mxnet_op20mxnet_generic_kernelINS0_3SumEJPfNS_9OpReqTypeES4_S4_EEEviDpT0_",93,"dram_read_transactions","Device Memory Read Transactions",32,200032,8317
"TITAN Xp (0)","_ZN5mxnet2op8mxnet_op20mxnet_generic_kernelINS0_3SumEJPfNS_9OpReqTypeES4_S4_EEEviDpT0_",93,"dram_write_transactions","Device Memory Write Transactions",0,95437,1261
"TITAN Xp (0)","void mxnet::op::broadcast::reduce_kernel<mshadow::red::sum, int=2, float, mshadow::op::identity, int=1>(int, int, bool, float const *, mxnet::op::broadcast::reduce_kernel<mshadow::red::sum, int=2, float, mshadow::op::identity, int=1>*, mshadow::Shape<int=2>, mshadow::Shape, mshadow::Shape, mshadow::Shape, int, bool)",3,"dram_read_transactions","Device Memory Read Transactions",0,412,256
"TITAN Xp (0)","void mxnet::op::broadcast::reduce_kernel<mshadow::red::sum, int=2, float, mshadow::op::identity, int=1>(int, int, bool, float const *, mxnet::op::broadcast::reduce_kernel<mshadow::red::sum, int=2, float, mshadow::op::identity, int=1>*, mshadow::Shape<int=2>, mshadow::Shape, mshadow::Shape, mshadow::Shape, int, bool)",3,"dram_write_transactions","Device Memory Write Transactions",0,8820,3009
"TITAN Xp (0)","void mxnet::op::mxnet_op::softmax_gradient_kernel<int=7, mshadow::op::mul, mxnet::op::mxnet_op::softmax_bwd, float, int=2>(float*, float, float, unsigned int, int, mshadow::Shape<int=2>, mshadow::Shape)",18,"dram_read_transactions","Device Memory Read Transactions",500,940,692
"TITAN Xp (0)","void mxnet::op::mxnet_op::softmax_gradient_kernel<int=7, mshadow::op::mul, mxnet::op::mxnet_op::softmax_bwd, float, int=2>(float*, float, float, unsigned int, int, mshadow::Shape<int=2>, mshadow::Shape)",18,"dram_write_transactions","Device Memory Write Transactions",2556,3300,2772
"TITAN Xp (0)","_ZN5mxnet2op8mxnet_op20mxnet_generic_kernelINS1_11op_with_reqINS0_10mshadow_op6squareELi1EEEJPfS7_EEEviDpT0_",18,"dram_read_transactions","Device Memory Read Transactions",32,10040,744
"TITAN Xp (0)","_ZN5mxnet2op8mxnet_op20mxnet_generic_kernelINS1_11op_with_reqINS0_10mshadow_op6squareELi1EEEJPfS7_EEEviDpT0_",18,"dram_write_transactions","Device Memory Write Transactions",460,6249,2785
"TITAN Xp (0)","_ZN5mxnet2op8mxnet_op20mxnet_generic_kernelINS1_11op_with_reqINS0_10mshadow_op6rminusELi1EEEJPfS7_fEEEviDpT0_",1,"dram_read_transactions","Device Memory Read Transactions",2728,2728,2728
"TITAN Xp (0)","_ZN5mxnet2op8mxnet_op20mxnet_generic_kernelINS1_11op_with_reqINS0_10mshadow_op6rminusELi1EEEJPfS7_fEEEviDpT0_",1,"dram_write_transactions","Device Memory Write Transactions",33,33,33
"TITAN Xp (0)","void mshadow::cuda::MapPlanKernel<mshadow::sv::divto, int=8, mshadow::expr::Plan<mshadow::Tensor<mshadow::gpu, int=2, float>, float>, mshadow::expr::Plan<mshadow::expr::ScalarExp<float>, float>>(mshadow::gpu, unsigned int, mshadow::Shape<int=2>, int=2)",36,"dram_read_transactions","Device Memory Read Transactions",0,2802,259
"TITAN Xp (0)","void mshadow::cuda::MapPlanKernel<mshadow::sv::divto, int=8, mshadow::expr::Plan<mshadow::Tensor<mshadow::gpu, int=2, float>, float>, mshadow::expr::Plan<mshadow::expr::ScalarExp<float>, float>>(mshadow::gpu, unsigned int, mshadow::Shape<int=2>, int=2)",36,"dram_write_transactions","Device Memory Write Transactions",0,36,5
"TITAN Xp (0)","void gemv2T_kernel_val<float, float, float, int=128, int=16, int=2, int=4, bool=0, cublasGemvParams<cublasGemvTensorStridedBatched<float const >, cublasGemvTensorStridedBatched<float>, float>>(float, float, float const )",18,"dram_read_transactions","Device Memory Read Transactions",203383,220486,206161
"TITAN Xp (0)","void gemv2T_kernel_val<float, float, float, int=128, int=16, int=2, int=4, bool=0, cublasGemvParams<cublasGemvTensorStridedBatched<float const >, cublasGemvTensorStridedBatched<float>, float>>(float, float, float const )",18,"dram_write_transactions","Device Memory Write Transactions",38266,43026,40174
"TITAN Xp (0)","void mxnet::op::broadcast::binary_broadcast_kernel<int=2, float, mxnet::op::mshadow_op::ne, int=2>(int, bool, float const *, float const , mxnet::op::broadcast::binary_broadcast_kernel<int=2, float, mxnet::op::mshadow_op::ne, int=2>*, mshadow::Shape<int=2>, mshadow::Shape, mshadow::Shape)",1,"dram_read_transactions","Device Memory Read Transactions",281,281,281
"TITAN Xp (0)","void mxnet::op::broadcast::binary_broadcast_kernel<int=2, float, mxnet::op::mshadow_op::ne, int=2>(int, bool, float const *, float const , mxnet::op::broadcast::binary_broadcast_kernel<int=2, float, mxnet::op::mshadow_op::ne, int=2>*, mshadow::Shape<int=2>, mshadow::Shape, mshadow::Shape)",1,"dram_write_transactions","Device Memory Write Transactions",0,0,0
